name,number,birth,position,height/weight,career,down_payment,salary,rank,year,image,team
 강민호,No.47,1985년 08월 18일,포수(우투우타),185cm/100kg, 제주신광초-포철중-포철공고-(국제디지털대)-롯데,9000만원,60000만원,04 롯데 2차 3라운드 17순위,04롯데,//lgcxydabfbch3774324.cdn.ntruss.com/KBO_IMAGE/person/middle/2023/74540.jpg,삼성
 강백호,No.50,1999년 07월 29일,내야수(우투좌타),184cm/98kg, 부천북초-서울이수중-서울고,45000만원,29000만원,18 KT 2차 1라운드 1순위,18KT,//lgcxydabfbch3774324.cdn.ntruss.com/KBO_IMAGE/person/middle/2023/68050.jpg,KT
 강승호,No.23,1994년 02월 09일,내야수(우투우타),178cm/88kg, 순천북초-천안북중-북일고-LG-경찰-LG-SK,20000만원,20000만원,13 LG 1라운드 3순위,13LG,//lgcxydabfbch3774324.cdn.ntruss.com/KBO_IMAGE/person/middle/2023/63123.jpg,두산
 강진성,No.28,1993년 10월 19일,외야수(우투우타),176cm/89kg, 가동초-잠신중-경기고-NC-경찰-NC-두산,7000만원,8000만원,12 NC 4라운드 33순위,12NC,//lgcxydabfbch3774324.cdn.ntruss.com/KBO_IMAGE/person/middle/2023/62925.jpg,SSG
 강현우,No.55,2001년 04월 13일,포수(우투우타),180cm/90kg, 원종초(부천시리틀)-부천중-유신고,15000만원,3000만원,20 KT 2차 1라운드 2순위,20KT,//lgcxydabfbch3774324.cdn.ntruss.com/KBO_IMAGE/person/middle/2023/50066.jpg,KT
 고승민,No.65,2000년 08월 11일,외야수(우투좌타),189cm/92kg, 군산신풍초-배명중-북일고,15000만원,7300만원,19 롯데 2차 1라운드 8순위,19롯데,//lgcxydabfbch3774324.cdn.ntruss.com/KBO_IMAGE/person/middle/2023/69517.jpg,롯데
 고영표,No.1,1991년 09월 16일,투수(우언우타),187cm/88kg, 광주대성초-광주동성중-화순고-동국대,13000만원,43000만원,14 KT 2차 1라운드 10순위,14KT,//lgcxydabfbch3774324.cdn.ntruss.com/KBO_IMAGE/person/middle/2023/64001.jpg,KT
 고우석,No.19,1998년 08월 06일,투수(우투우타),182cm/90kg, 갈산초-양천중-충암고,30000만원,43000만원,17 LG 1차,17LG,//lgcxydabfbch3774324.cdn.ntruss.com/KBO_IMAGE/person/middle/2023/67119.jpg,LG
 고종욱,No.57,1989년 01월 11일,외야수(우투좌타),184cm/83kg, 역삼초-대치중-경기고-한양대-히어로즈-상무-히어로즈-SK-SSG,8000만원,7000만원,11 넥센 3라운드 19순위,11넥센,//lgcxydabfbch3774324.cdn.ntruss.com/KBO_IMAGE/person/middle/2023/61353.jpg,KIA
 고효준,No.15,1983년 02월 08일,투수(좌투좌타),179cm/81kg, 서원초-세광중-세광고-롯데-SK-KIA-롯데-LG,11000만원,8500만원,02 롯데 2차 1라운드 6순위,02롯데,//lgcxydabfbch3774324.cdn.ntruss.com/KBO_IMAGE/person/middle/2023/72523.jpg,SSG
 곽도규,No.9,2004년 04월 12일,투수(좌투좌타),185cm/90kg, 도척초-공주중-공주고,6000만원,3000만원,23 KIA 5라운드 42순위,23KIA,//lgcxydabfbch3774324.cdn.ntruss.com/KBO_IMAGE/person/middle/2023/53609.jpg,KIA
 곽빈,No.47,1999년 05월 28일,투수(우투우타),187cm/95kg, 서울학동초-자양중-배명고,30000만원,14000만원,18 두산 1차,18두산,//lgcxydabfbch3774324.cdn.ntruss.com/KBO_IMAGE/person/middle/2023/68220.jpg,두산
 구드럼,No.4,1992년 02월 28일,내야수(우투양타),190cm/99kg, 미국 Fayette County(고),,400000달러,23 롯데 자유선발,23롯데,//lgcxydabfbch3774324.cdn.ntruss.com/KBO_IMAGE/person/middle/2023/53506.jpg,롯데
 구승민,No.22,1990년 06월 12일,투수(우투우타),182cm/86kg, 동일초(도봉구리틀)-청원중-청원고-홍익대-롯데-상무,5000만원,24860만원,13 롯데 6라운드 52순위,14롯데,//lgcxydabfbch3774324.cdn.ntruss.com/KBO_IMAGE/person/middle/2023/63543.jpg,롯데
 구자욱,No.5,1993년 02월 12일,외야수(우투좌타),189cm/75kg, 본리초-경복중-대구고-삼성-상무,13000만원,200000만원,12 삼성 2라운드 12순위,12삼성,//lgcxydabfbch3774324.cdn.ntruss.com/KBO_IMAGE/person/middle/2023/62404.jpg,삼성
 권광민,No.56,1997년 12월 12일,외야수(좌투좌타),189cm/102kg, 서울청구초-홍은중-장충고,,3100만원,22 한화 2차 5라운드 41순위,16시카고컵스,//lgcxydabfbch3774324.cdn.ntruss.com/KBO_IMAGE/person/middle/2023/52769.jpg,한화
 권희동,No.36,1990년 12월 30일,외야수(우투우타),177cm/85kg, 동천초-경주중-경주고-경남대-NC-상무,3000만원,9000만원,13 NC 9라운드 84순위,13NC,//lgcxydabfbch3774324.cdn.ntruss.com/KBO_IMAGE/person/middle/2023/63963.jpg,NC
 김강률,No.27,1988년 08월 28일,투수(우투우타),187cm/95kg, 문촌초(일산리틀)-장성중-경기고-두산-상무,8000만원,20000만원,07 두산 2차 4라운드 26순위,07두산,//lgcxydabfbch3774324.cdn.ntruss.com/KBO_IMAGE/person/middle/2023/77263.jpg,두산
 김강민,No.0,1982년 09월 13일,외야수(우투우타),182cm/87kg, 본리초-대구중-경북고-SK,11000만원,16000만원,01 SK 2차 2라운드 18순위,01SK,//lgcxydabfbch3774324.cdn.ntruss.com/KBO_IMAGE/person/middle/2023/71837.jpg,SSG
 김강현,No.19,1995년 02월 27일,투수(우투좌타),177cm/84kg, 고명초-청원중-청원고,,3000만원,15 롯데 육성선수,16롯데,//lgcxydabfbch3774324.cdn.ntruss.com/KBO_IMAGE/person/middle/2023/65522.jpg,롯데
 김광현,No.29,1988년 07월 22일,투수(좌투좌타),188cm/88kg, 덕성초(안산리틀)-안산중앙중-안산공고-SK-세인트루이스,50000만원,100000만원,07 SK 1차,07SK,//lgcxydabfbch3774324.cdn.ntruss.com/KBO_IMAGE/person/middle/2023/77829.jpg,SSG
 김규성,No.14,1997년 03월 08일,내야수(우투좌타),183cm/73kg, 갈산초-선린중-선린인터넷고,4000만원,4500만원,16 KIA 2차 7라운드 63순위,17KIA,//lgcxydabfbch3774324.cdn.ntruss.com/KBO_IMAGE/person/middle/2023/66614.jpg,KIA
 김규연,No.60,2002년 08월 23일,투수(우투우타),183cm/91kg, 동수원초(수원영통구리틀)-매향중-공주고,4000만원,3100만원,21 한화 2차 8라운드 72순위,22한화,//lgcxydabfbch3774324.cdn.ntruss.com/KBO_IMAGE/person/middle/2023/51713.jpg,한화
 김기연,No.12,1997년 09월 07일,포수(우투우타),178cm/95kg, 광주수창초-진흥중-진흥고,7000만원,3500만원,16 LG 2차 4라운드 34순위,17LG,//lgcxydabfbch3774324.cdn.ntruss.com/KBO_IMAGE/person/middle/2023/66112.jpg,LG
 김기중,No.15,2002년 11월 16일,투수(좌투좌타),186cm/96kg, 의왕부곡초-매송중-유신고,15000만원,3600만원,21 한화 2차 1라운드 2순위,21한화,//lgcxydabfbch3774324.cdn.ntruss.com/KBO_IMAGE/person/middle/2023/51715.jpg,한화
 김대우,No.17,1988년 11월 21일,투수(우언우타),183cm/85kg, 역삼초-대치중-서울고-홍익대-히어로즈-상무-히어로즈,2000만원,7000만원,11 넥센 9라운드 67순위,11넥센,//lgcxydabfbch3774324.cdn.ntruss.com/KBO_IMAGE/person/middle/2023/61365.jpg,삼성
 김대유,No.69,1991년 05월 08일,투수(좌투좌타),187cm/92kg, 부산중앙초-부산중-부산고-히어로즈-SK-KT-LG,6000만원,16000만원,10 넥센 3라운드 18순위,10넥센,//lgcxydabfbch3774324.cdn.ntruss.com/KBO_IMAGE/person/middle/2023/60337.jpg,KIA
 김도영,No.5,2003년 10월 02일,내야수(우투우타),183cm/85kg, 광주대성초-광주동성중-광주동성고,40000만원,5000만원,22 KIA 1차,22KIA,//lgcxydabfbch3774324.cdn.ntruss.com/KBO_IMAGE/person/middle/2023/52605.jpg,KIA
 김도환,No.66,2000년 04월 14일,포수(우투우타),178cm/90kg, 언북초(의정부리틀)-영동중-신일고-삼성-상무,11000만원,5000만원,19 삼성 2차 2라운드 12순위,19삼성,//lgcxydabfbch3774324.cdn.ntruss.com/KBO_IMAGE/person/middle/2023/69442.jpg,삼성
 김동규,No.43,2004년 07월 09일,투수(우투우타),195cm/100kg, 서울청구초-영남중-성남고-LG,13000만원,3000만원,23 LG 2라운드 17순위,23LG,//lgcxydabfbch3774324.cdn.ntruss.com/KBO_IMAGE/person/middle/2023/53164.jpg,키움
 김동헌,No.44,2004년 07월 15일,포수(우투우타),182cm/91kg, 영문초(영등포구리틀)-충암중-충암고,15000만원,3000만원,23 키움 2라운드 12순위,23키움,//lgcxydabfbch3774324.cdn.ntruss.com/KBO_IMAGE/person/middle/2023/53344.jpg,키움
 김동혁,No.60,2001년 12월 27일,투수(우언우타),185cm/84kg, (강남구리틀)-영동중-덕수고,8000만원,6500만원,20 키움 2차 3라운드 27순위,20키움,//lgcxydabfbch3774324.cdn.ntruss.com/KBO_IMAGE/person/middle/2023/50360.jpg,키움
 김명신,No.46,1993년 11월 29일,투수(우투우타),178cm/90kg, 남도초-대구중-경북고-경성대,10000만원,14500만원,17 두산 2차 2라운드 20순위,17두산,//lgcxydabfbch3774324.cdn.ntruss.com/KBO_IMAGE/person/middle/2023/67246.jpg,두산
 김민,No.11,1999년 04월 14일,투수(우투우타),185cm/88kg, 인천숭의초-평촌중-유신고-KT-상무,30000만원,6000만원,18 KT 1차,18KT,//lgcxydabfbch3774324.cdn.ntruss.com/KBO_IMAGE/person/middle/2023/68043.jpg,KT
 김민석,No.2,2004년 05월 09일,외야수(우투좌타),185cm/83kg, 신도초-휘문중-휘문고,25000만원,3000만원,23 롯데 1라운드 3순위,23롯데,//lgcxydabfbch3774324.cdn.ntruss.com/KBO_IMAGE/person/middle/2023/53554.jpg,롯데
 김민성,No.16,1988년 12월 17일,내야수(우투우타),181cm/94kg, 고명초-잠신중-덕수정보고-(영남사이버대)-롯데-히어로즈-키움,10000만원,18000만원,07 롯데 2차 2라운드 13순위,07롯데,//lgcxydabfbch3774324.cdn.ntruss.com/KBO_IMAGE/person/middle/2023/77564.jpg,LG
 김민식,No.24,1989년 06월 28일,포수(우투좌타),180cm/80kg, 양덕초-마산중-마산고-원광대-SK-상무-SK-KIA,14000만원,15000만원,12 SK 2라운드 11순위,12SK,//lgcxydabfbch3774324.cdn.ntruss.com/KBO_IMAGE/person/middle/2023/62864.jpg,SSG
 김민혁,No.53,1995년 11월 21일,외야수(우투좌타),181cm/71kg, 광주서석초-배재중-배재고-KT-상무,6000만원,15000만원,14 KT 2차 6라운드 56순위,14KT,//lgcxydabfbch3774324.cdn.ntruss.com/KBO_IMAGE/person/middle/2023/64004.jpg,KT
 김범수,No.47,1995년 10월 03일,투수(좌투좌타),181cm/92kg, 온양온천초-온양중-북일고,20000만원,14100만원,15 한화 1차,15한화,//lgcxydabfbch3774324.cdn.ntruss.com/KBO_IMAGE/person/middle/2023/65769.jpg,한화
 김상수,No.7,1990년 03월 23일,내야수(우투우타),175cm/68kg, 대구옥산초-경복중-경북고-삼성,28000만원,50000만원,09 삼성 1차,09삼성,//lgcxydabfbch3774324.cdn.ntruss.com/KBO_IMAGE/person/middle/2023/79402.jpg,KT
 김서준,No.53,2003년 09월 01일,투수(우투우타),183cm/78kg, 희망대초-대원중-경기항공고,6000만원,3300만원,22 삼성 2차 5라운드 43순위,22삼성,//lgcxydabfbch3774324.cdn.ntruss.com/KBO_IMAGE/person/middle/2023/52460.jpg,삼성
 김선기,No.49,1991년 09월 01일,투수(우투우타),186cm/98kg, 석교초-세광중-세광고-상무-히어로즈,,7300만원,18 넥센 2차 1라운드 8순위,09시애틀,//lgcxydabfbch3774324.cdn.ntruss.com/KBO_IMAGE/person/middle/2023/66018.jpg,키움
 김선빈,No.3,1989년 12월 18일,내야수(우투우타),165cm/77kg, 화순초-화순중-화순고-KIA-상무,3000만원,45000만원,08 KIA 2차 6라운드 43순위,08KIA,//lgcxydabfbch3774324.cdn.ntruss.com/KBO_IMAGE/person/middle/2023/78603.jpg,KIA
 김성욱,No.25,1993년 05월 01일,외야수(우투우타),181cm/83kg, 광주서림초-충장중-진흥고-NC-상무,7000만원,10000만원,12 NC 3라운드 32순위,12NC,//lgcxydabfbch3774324.cdn.ntruss.com/KBO_IMAGE/person/middle/2023/62934.jpg,NC
 김성윤,No.39,1999년 02월 02일,외야수(좌투좌타),163cm/62kg, 창신초(부산진구리틀)-원동중-포항제철고,7000만원,4300만원,17 삼성 2차 4라운드 39순위,17삼성,//lgcxydabfbch3774324.cdn.ntruss.com/KBO_IMAGE/person/middle/2023/67449.jpg,삼성
 김성진,No.34,1997년 11월 14일,투수(우투좌타),183cm/77kg, 율하초-포항제철중-부산정보고-계명대,7000만원,4500만원,21 키움 2차 3라운드 29순위,21키움,//lgcxydabfbch3774324.cdn.ntruss.com/KBO_IMAGE/person/middle/2023/51301.jpg,키움
 김성현,No.6,1987년 03월 09일,내야수(우투우타),172cm/72kg, 송정동초-충장중-광주제일고-SK-상무-SK,7000만원,15000만원,06 SK 2차 3라운드 20순위,06SK,//lgcxydabfbch3774324.cdn.ntruss.com/KBO_IMAGE/person/middle/2023/76802.jpg,SSG
 김수환,No.31,1998년 03월 20일,내야수(우투우타),180cm/91kg, 인천부일초(부평구리틀)-재능중-제물포고-히어로즈,6000만원,4500만원,18 넥센 2차 5라운드 48순위,18넥센,//lgcxydabfbch3774324.cdn.ntruss.com/KBO_IMAGE/person/middle/2023/68346.jpg,키움
 김승현,No.24,1992년 07월 09일,투수(우투우타),180cm/105kg, 노암초-경포중-강릉고-건국대-삼성-상무-삼성,13000만원,4500만원,16 삼성 2차 1라운드 10순위,16삼성,//lgcxydabfbch3774324.cdn.ntruss.com/KBO_IMAGE/person/middle/2023/66492.jpg,KIA
 김시앙,No.26,2001년 10월 31일,포수(우투우타),177cm/79kg, 광주대성초-광주동성중-광주동성고,5000만원,3100만원,21 키움 2차 5라운드 49순위,22키움,//lgcxydabfbch3774324.cdn.ntruss.com/KBO_IMAGE/person/middle/2023/51303.jpg,키움
 김시훈,No.21,1999년 02월 24일,투수(우투우타),188cm/95kg, 양덕초-마산동중-마산고,20000만원,9000만원,18 NC 1차,18NC,//lgcxydabfbch3774324.cdn.ntruss.com/KBO_IMAGE/person/middle/2023/68928.jpg,NC
 김영규,No.17,2000년 02월 10일,투수(좌투좌타),188cm/86kg, 광주서석초-무등중-광주제일고,4000만원,14000만원,18 NC 2차 8라운드 79순위,18NC,//lgcxydabfbch3774324.cdn.ntruss.com/KBO_IMAGE/person/middle/2023/68900.jpg,NC
 김영웅,No.30,2003년 08월 24일,내야수(우투좌타),183cm/81kg, 공주중동초-야로중-물금고,17000만원,3200만원,22 삼성 2차 1라운드 3순위,22삼성,//lgcxydabfbch3774324.cdn.ntruss.com/KBO_IMAGE/person/middle/2023/52430.jpg,삼성
 김영현,No.48,2002년 08월 18일,투수(우투우타),178cm/81kg, 광주화정초-광주동성중-광주동성고,,3000만원,21 KT 2차 5라운드 45순위,23KT,//lgcxydabfbch3774324.cdn.ntruss.com/KBO_IMAGE/person/middle/2023/51097.jpg,KT
 김원중,No.34,1993년 06월 14일,투수(우투좌타),192cm/96kg, 학강초-광주동성중-광주동성고,15000만원,25200만원,12 롯데 1라운드 5순위,12롯데,//lgcxydabfbch3774324.cdn.ntruss.com/KBO_IMAGE/person/middle/2023/62528.jpg,롯데
 김유성,No.62,2002년 01월 01일,투수(우투우타),190cm/98kg, 김해삼성초-내동중-김해고-고려대(얼리 드래프트),15000만원,3000만원,23 두산 2라운드 19순위,23두산,//lgcxydabfbch3774324.cdn.ntruss.com/KBO_IMAGE/person/middle/2023/53262.jpg,두산
 김윤식,No.47,2000년 04월 03일,투수(좌투좌타),181cm/83kg, 광주서석초-무등중-진흥고,20000만원,15000만원,20 LG 2차 1라운드 3순위,20LG,//lgcxydabfbch3774324.cdn.ntruss.com/KBO_IMAGE/person/middle/2023/50157.jpg,LG
 김인태,No.39,1994년 07월 03일,외야수(좌투좌타),178cm/78kg, 포항제철서초-천안북중-북일고-두산-경찰,20000만원,10000만원,13 두산 1라운드 4순위,13두산,//lgcxydabfbch3774324.cdn.ntruss.com/KBO_IMAGE/person/middle/2023/63257.jpg,두산
 김재성,No.48,1996년 10월 30일,포수(우투좌타),185cm/85kg, 신광초-성남중-덕수고-LG-경찰-LG,20000만원,7500만원,15 LG 1차,15LG,//lgcxydabfbch3774324.cdn.ntruss.com/KBO_IMAGE/person/middle/2023/65132.jpg,삼성
 김재영,No.19,1993년 07월 22일,투수(우언우타),187cm/88kg, 방배초-영동중-서울고-홍익대,16000만원,5300만원,16 한화 2차 1라운드 2순위,16한화,//lgcxydabfbch3774324.cdn.ntruss.com/KBO_IMAGE/person/middle/2023/66741.jpg,한화
 김재웅,No.28,1998년 10월 22일,투수(좌투좌타),174cm/86kg, 금교초(남양주리틀)-자양중-덕수고,5000만원,22000만원,17 넥센 2차 6라운드 57순위,19키움,//lgcxydabfbch3774324.cdn.ntruss.com/KBO_IMAGE/person/middle/2023/67391.jpg,키움
 김재윤,No.62,1990년 09월 16일,투수(우투우타),185cm/91kg, 서울도곡초-휘문중-휘문고,,36000만원,15 KT 2차 특별 13순위,09애리조나,//lgcxydabfbch3774324.cdn.ntruss.com/KBO_IMAGE/person/middle/2023/65062.jpg,KT
 김재호,No.52,1985년 03월 21일,내야수(우투우타),181cm/75kg, 남정초-중앙중-중앙고-두산-상무,20000만원,50000만원,04 두산 1차,04두산,//lgcxydabfbch3774324.cdn.ntruss.com/KBO_IMAGE/person/middle/2023/74206.jpg,두산
 김재환,No.32,1988년 09월 22일,외야수(우투좌타),183cm/90kg, 영랑초-상인천중-인천고-두산-상무,15000만원,150000만원,08 두산 2차 1라운드 4순위,08두산,//lgcxydabfbch3774324.cdn.ntruss.com/KBO_IMAGE/person/middle/2023/78224.jpg,두산
 김정우,No.30,1999년 05월 15일,투수(우투우타),183cm/87kg, 소래초-동산중-동산고-SK-상무-SSG,16000만원,3000만원,18 SK 1차,18SK,//lgcxydabfbch3774324.cdn.ntruss.com/KBO_IMAGE/person/middle/2023/68830.jpg,두산
 김주성,No.5,1998년 01월 30일,내야수(우투우타),180cm/81kg, 수원신곡초-덕수중-휘문고,10000만원,3400만원,16 LG 2차 2라운드 14순위,16LG,//lgcxydabfbch3774324.cdn.ntruss.com/KBO_IMAGE/person/middle/2023/66162.jpg,LG
 김주원,No.7,2002년 07월 30일,내야수(우투양타),185cm/83kg, 삼일초(군포시리틀)-안산중앙중-유신고,15000만원,9000만원,21 NC 2차 1라운드 6순위,21NC,//lgcxydabfbch3774324.cdn.ntruss.com/KBO_IMAGE/person/middle/2023/51907.jpg,NC
 김주형,No.6,1996년 03월 05일,내야수(우투우타),176cm/84kg, 양정초-경남중-경남고-홍익대,2000만원,5500만원,19 넥센 2차 10라운드 94순위,19키움,//lgcxydabfbch3774324.cdn.ntruss.com/KBO_IMAGE/person/middle/2023/69306.jpg,키움
 김준태,No.44,1994년 07월 31일,포수(우투좌타),175cm/91kg, 양정초-개성중-경남고-(영남사이버대)-롯데-상무-롯데,,10000만원,12 롯데 육성선수,13롯데,//lgcxydabfbch3774324.cdn.ntruss.com/KBO_IMAGE/person/middle/2023/62558.jpg,KT
 김지찬,No.58,2001년 03월 08일,내야수(우투좌타),163cm/64kg, 백사초(이천시리틀)-모가중-라온고,11000만원,16000만원,20 삼성 2차 2라운드 15순위,20삼성,//lgcxydabfbch3774324.cdn.ntruss.com/KBO_IMAGE/person/middle/2023/50458.jpg,삼성
 김진성,No.42,1985년 03월 07일,투수(우투우타),186cm/92kg, 인헌초-성남중-성남서고-SK-NC,,20000만원,04 SK 2차 6라운드 42순위,05SK,//lgcxydabfbch3774324.cdn.ntruss.com/KBO_IMAGE/person/middle/2023/75867.jpg,LG
 김진욱,No.15,2002년 07월 05일,투수(좌투좌타),185cm/90kg, 수원신곡초-춘천중-강릉고,37000만원,5600만원,21 롯데 2차 1라운드 1순위,21롯데,//lgcxydabfbch3774324.cdn.ntruss.com/KBO_IMAGE/person/middle/2023/51516.jpg,롯데
 김태군,No.42,1989년 12월 30일,포수(우투우타),182cm/92kg, 양정초-대동중-부산고-LG-NC-경찰-NC-삼성,8000만원,20000만원,08 LG 2차 3라운드 17순위,08LG,//lgcxydabfbch3774324.cdn.ntruss.com/KBO_IMAGE/person/middle/2023/78122.jpg,KIA
 김태근,No.92,1996년 08월 10일,외야수(우투우타),175cm/74kg, 광진초(광진구리틀)-건대부중-배명고-건국대-두산-상무,6000만원,3100만원,19 두산 2차 5라운드 49순위,19두산,//lgcxydabfbch3774324.cdn.ntruss.com/KBO_IMAGE/person/middle/2023/69207.jpg,두산
 김태연,No.25,1997년 06월 10일,내야수(우투우타),178cm/96kg, 서울청구초-덕수중-야탑고,5000만원,6000만원,16 한화 2차 6라운드 59순위,17한화,//lgcxydabfbch3774324.cdn.ntruss.com/KBO_IMAGE/person/middle/2023/66704.jpg,한화
 김태진,No.2,1995년 10월 07일,내야수(우투좌타),170cm/73kg, 수유초-신일중-신일고-NC-경찰-NC-KIA,8000만원,12000만원,14 NC 2차 4라운드 45순위,14NC,//lgcxydabfbch3774324.cdn.ntruss.com/KBO_IMAGE/person/middle/2023/64984.jpg,키움
 김태현,No.15,1998년 03월 21일,투수(좌투좌타),188cm/95kg, 김해삼성초-내동중-김해고-NC-경찰,30000만원,3000만원,17 NC 1차,17NC,//lgcxydabfbch3774324.cdn.ntruss.com/KBO_IMAGE/person/middle/2023/67956.jpg,NC
 김태훈,No.27,1992년 03월 02일,투수(우투우타),187cm/101kg, 남부민초-대신중-부경고-히어로즈-경찰-히어로즈-키움,2000만원,18000만원,12 넥센 9라운드 79순위,12넥센,//lgcxydabfbch3774324.cdn.ntruss.com/KBO_IMAGE/person/middle/2023/62360.jpg,삼성
 김한별,No.68,2001년 01월 18일,내야수(우투우타),177cm/85kg, 효제초-선린중-배재고,,3100만원,20 NC 2차 7라운드 61순위,22NC,//lgcxydabfbch3774324.cdn.ntruss.com/KBO_IMAGE/person/middle/2023/50902.jpg,NC
 김헌곤,No.34,1988년 11월 09일,외야수(우투우타),174cm/81kg, 회원초-경복중-제주관광고-영남대-삼성-상무,7000만원,12000만원,11 삼성 5라운드 36순위,11삼성,//lgcxydabfbch3774324.cdn.ntruss.com/KBO_IMAGE/person/middle/2023/61404.jpg,삼성
 김현수,No.22,1988년 01월 12일,외야수(우투좌타),188cm/100kg, 쌍문초-신일중-신일고-두산-볼티모어-필라델피아,,100000만원,06 두산 육성선수,06두산,//lgcxydabfbch3774324.cdn.ntruss.com/KBO_IMAGE/person/middle/2023/76290.jpg,LG
 김현준,No.41,2002년 10월 11일,외야수(좌투좌타),178cm/78kg, 가산초(부산진구리틀)-센텀중-개성고,3000만원,8000만원,21 삼성 2차 9라운드 83순위,21삼성,//lgcxydabfbch3774324.cdn.ntruss.com/KBO_IMAGE/person/middle/2023/51417.jpg,삼성
 김형준,No.47,1999년 11월 02일,포수(우투우타),187cm/98kg, 가동초-세광중-세광고-NC-상무,15000만원,5000만원,18 NC 2차 1라운드 9순위,18NC,//lgcxydabfbch3774324.cdn.ntruss.com/KBO_IMAGE/person/middle/2023/68912.jpg,NC
 김혜성,No.3,1999년 01월 27일,내야수(우투좌타),180cm/80kg, 문촌초(고양시리틀)-동산중-동산고-히어로즈,13000만원,42000만원,17 넥센 2차 1라운드 7순위,17넥센,//lgcxydabfbch3774324.cdn.ntruss.com/KBO_IMAGE/person/middle/2023/67304.jpg,키움
 김호재,No.8,1995년 05월 31일,내야수(우투우타),178cm/72kg, 서울도곡초-서울이수중-장충고,,5600만원,14 삼성 육성선수,18삼성,//lgcxydabfbch3774324.cdn.ntruss.com/KBO_IMAGE/person/middle/2023/64407.jpg,삼성
 김휘집,No.33,2002년 01월 01일,내야수(우투우타),181cm/92kg, 양목초(히어로즈리틀)-대치중-신일고,10000만원,7400만원,21 키움 2차 1라운드 9순위,21키움,//lgcxydabfbch3774324.cdn.ntruss.com/KBO_IMAGE/person/middle/2023/51344.jpg,키움
 나균안,No.43,1998년 03월 16일,투수(우투우타),186cm/109kg, 무학초-창원신월중-용마고,15000만원,10900만원,17 롯데 2차 1라운드 3순위,17롯데,//lgcxydabfbch3774324.cdn.ntruss.com/KBO_IMAGE/person/middle/2023/67539.jpg,롯데
 나성범,No.47,1989년 10월 03일,외야수(좌투좌타),183cm/100kg, 광주대성초-진흥중-진흥고-연세대-NC,30000만원,80000만원,12 NC 2라운드 10순위,12NC,//lgcxydabfbch3774324.cdn.ntruss.com/KBO_IMAGE/person/middle/2023/62947.jpg,KIA
 남지민,No.11,2001년 02월 12일,투수(우투우타),181cm/100kg, 양정초-개성중-부산정보고,16000만원,4300만원,20 한화 2차 1라운드 8순위,20한화,//lgcxydabfbch3774324.cdn.ntruss.com/KBO_IMAGE/person/middle/2023/50720.jpg,한화
 노건우,No.37,1989년 10월 22일,투수(좌투좌타),182cm/100kg, 서흥초-상인천중-화순고-동국대-NC-상무-NC,30000만원,4800만원,12 NC 우선지명,12NC,//lgcxydabfbch3774324.cdn.ntruss.com/KBO_IMAGE/person/middle/2023/62920.jpg,삼성
 노경은,No.38,1984년 03월 11일,투수(우투우타),187cm/100kg, 화곡초-성남중-성남고-두산-롯데,35000만원,17000만원,03 두산 1차,03두산,//lgcxydabfbch3774324.cdn.ntruss.com/KBO_IMAGE/person/middle/2023/73211.jpg,SSG
 노시환,No.8,2000년 12월 03일,내야수(우투우타),185cm/105kg, 부산수영초-경남중-경남고,20000만원,13100만원,19 한화 2차 1라운드 3순위,19한화,//lgcxydabfbch3774324.cdn.ntruss.com/KBO_IMAGE/person/middle/2023/69737.jpg,한화
 노진혁,No.52,1989년 07월 15일,내야수(우투좌타),184cm/80kg, 광주대성초-광주동성중-광주동성고-성균관대-NC-상무-NC,8000만원,50000만원,12 NC 특별 20순위,12NC,//lgcxydabfbch3774324.cdn.ntruss.com/KBO_IMAGE/person/middle/2023/62931.jpg,롯데
 도슨,No.27,1995년 05월 19일,외야수(우투좌타),188cm/97kg, 미국 Ohio State(대),,80000달러,23 키움 자유선발,23키움,//lgcxydabfbch3774324.cdn.ntruss.com/KBO_IMAGE/person/middle/2023/53327.jpg,키움
 도태훈,No.16,1993년 03월 18일,내야수(우투좌타),184cm/85kg, 양정초-개성중-부산고-동의대-NC-상무,,5000만원,16 NC 육성선수,16NC,//lgcxydabfbch3774324.cdn.ntruss.com/KBO_IMAGE/person/middle/2023/66965.jpg,NC
 로하스,No.11,1993년 02월 24일,외야수(우투좌타),183cm/90kg, 미국 Vanguard(대),50000달러,850000달러,23 두산 자유선발,23두산,//lgcxydabfbch3774324.cdn.ntruss.com/KBO_IMAGE/person/middle/2023/53211.jpg,두산
 류지혁,No.42,1994년 01월 13일,내야수(우투좌타),181cm/75kg, 청원초-선린중-충암고-두산-상무-두산-KIA,7000만원,15500만원,12 두산 4라운드 36순위,12두산,//lgcxydabfbch3774324.cdn.ntruss.com/KBO_IMAGE/person/middle/2023/62234.jpg,삼성
 류진욱,No.41,1996년 10월 10일,투수(우투우타),189cm/88kg, 양정초-개성중-부산고,10000만원,7500만원,15 NC 2차 2라운드 21순위,15NC,//lgcxydabfbch3774324.cdn.ntruss.com/KBO_IMAGE/person/middle/2023/65949.jpg,NC
 마틴,No.55,1995년 09월 05일,외야수(우투좌타),175cm/83kg, 미국 Orange Lutheran(고),180000달러,720000달러,23 NC 자유선발,23NC,//lgcxydabfbch3774324.cdn.ntruss.com/KBO_IMAGE/person/middle/2023/53955.jpg,NC
 맥카티,No.33,1995년 10월 12일,투수(좌투좌타),173cm/83kg, 미국 Oak Grove(고)-미국 Southern Mississippi(대),,600000달러,23 SSG 자유선발,23SSG,//lgcxydabfbch3774324.cdn.ntruss.com/KBO_IMAGE/person/middle/2023/53833.jpg,SSG
 문보경,No.2,2000년 07월 19일,내야수(우투좌타),182cm/89kg, 송중초(동대문구리틀)-덕수중-신일고,8000만원,17000만원,19 LG 2차 3라운드 25순위,21LG,//lgcxydabfbch3774324.cdn.ntruss.com/KBO_IMAGE/person/middle/2023/69102.jpg,LG
 문상철,No.24,1991년 04월 06일,외야수(우투우타),184cm/85kg, 중대초-잠신중-배명고-고려대-KT-상무,13000만원,5600만원,14 KT 2차 특별 11순위,14KT,//lgcxydabfbch3774324.cdn.ntruss.com/KBO_IMAGE/person/middle/2023/64007.jpg,KT
 문성주,No.8,1997년 02월 20일,외야수(좌투좌타),175cm/78kg, 포항서초-포항제철중-경북고-강릉영동대,3000만원,9500만원,18 LG 2차 10라운드 97순위,18LG,//lgcxydabfbch3774324.cdn.ntruss.com/KBO_IMAGE/person/middle/2023/68119.jpg,LG
 문성현,No.21,1991년 11월 09일,투수(우투우타),180cm/89kg, 남정초-선린중-충암고-히어로즈-상무-히어로즈,8000만원,7000만원,10 넥센 4라운드 31순위,10넥센,//lgcxydabfbch3774324.cdn.ntruss.com/KBO_IMAGE/person/middle/2023/60336.jpg,키움
 문승원,No.42,1989년 11월 28일,투수(우투우타),180cm/88kg, 가동초-배명중-배명고-고려대-SK-상무-SK,18000만원,70000만원,12 SK 1라운드 8순위,12SK,//lgcxydabfbch3774324.cdn.ntruss.com/KBO_IMAGE/person/middle/2023/62869.jpg,SSG
 문현빈,No.64,2004년 04월 20일,내야수(우투좌타),174cm/82kg, 대전유천초-온양중-북일고,15000만원,3000만원,23 한화 2라운드 11순위,23한화,//lgcxydabfbch3774324.cdn.ntruss.com/KBO_IMAGE/person/middle/2023/53764.jpg,한화
 박건우,No.37,1990년 09월 08일,외야수(우투우타),184cm/80kg, 역삼초-서울이수중-서울고-두산-경찰-두산,10000만원,90000만원,09 두산 2차 2라운드 10순위,09두산,//lgcxydabfbch3774324.cdn.ntruss.com/KBO_IMAGE/person/middle/2023/79215.jpg,NC
 박경수,No.6,1984년 03월 31일,내야수(우투우타),178cm/80kg, 미성초-성남중-성남고-LG,43000만원,20000만원,03 LG 1차,03LG,//lgcxydabfbch3774324.cdn.ntruss.com/KBO_IMAGE/person/middle/2023/73113.jpg,KT
 박계범,No.14,1996년 01월 11일,내야수(우투우타),177cm/84kg, 순천북초-순천이수중-효천고-삼성-상무-삼성,11000만원,9700만원,14 삼성 2차 2라운드 17순위,14삼성,//lgcxydabfbch3774324.cdn.ntruss.com/KBO_IMAGE/person/middle/2023/64468.jpg,두산
 박대온,No.26,1995년 08월 28일,포수(우투우타),182cm/85kg, 서울도곡초-서울이수중-휘문고,10000만원,4000만원,14 NC 2차 2라운드 25순위,14NC,//lgcxydabfbch3774324.cdn.ntruss.com/KBO_IMAGE/person/middle/2023/64944.jpg,NC
 박동원,No.27,1990년 04월 07일,포수(우투우타),178cm/92kg, 양정초-개성중-개성고-히어로즈-상무-히어로즈-키움-KIA,6000만원,30000만원,09 히어로즈 2차 3라운드 19순위,09히어로즈,//lgcxydabfbch3774324.cdn.ntruss.com/KBO_IMAGE/person/middle/2023/79365.jpg,LG
 박명근,No.39,2004년 03월 27일,투수(우언우타),174cm/75kg, 수택초(구리리틀)-구리인창중-라온고,11000만원,3000만원,23 LG 3라운드 27순위,23LG,//lgcxydabfbch3774324.cdn.ntruss.com/KBO_IMAGE/person/middle/2023/53139.jpg,LG
 박민우,No.2,1993년 02월 06일,내야수(우투좌타),185cm/80kg, 마포초(용산구리틀)-선린중-휘문고,16000만원,110000만원,12 NC 1라운드 9순위,12NC,//lgcxydabfbch3774324.cdn.ntruss.com/KBO_IMAGE/person/middle/2023/62907.jpg,NC
 박병호,No.52,1986년 07월 10일,내야수(우투우타),185cm/107kg, 영일초(광명리틀)-영남중-성남고-LG-상무-LG-히어로즈-미네소타-넥센-키움,33000만원,70000만원,05 LG 1차,05LG,//lgcxydabfbch3774324.cdn.ntruss.com/KBO_IMAGE/person/middle/2023/75125.jpg,KT
 박상언,No.42,1997년 03월 03일,포수(우투우타),185cm/90kg, 무원초-영남중-유신고-한화-상무,4000만원,3600만원,16 한화 2차 8라운드 79순위,17한화,//lgcxydabfbch3774324.cdn.ntruss.com/KBO_IMAGE/person/middle/2023/66707.jpg,한화
 박상원,No.58,1994년 09월 09일,투수(우투우타),187cm/98kg, 백운초-서울이수중-휘문고-연세대,8000만원,13300만원,17 한화 2차 3라운드 25순위,17한화,//lgcxydabfbch3774324.cdn.ntruss.com/KBO_IMAGE/person/middle/2023/67703.jpg,한화
 박성한,No.2,1998년 03월 30일,내야수(우투좌타),180cm/77kg, 순천북초-여수중-효천고-SK-상무-SK,9000만원,27000만원,17 SK 2차 2라운드 16순위,17SK,//lgcxydabfbch3774324.cdn.ntruss.com/KBO_IMAGE/person/middle/2023/67893.jpg,SSG
 박세웅,No.21,1995년 11월 30일,투수(우투우타),182cm/85kg, 대구경운초-경운중-경북고-KT,20000만원,150000만원,14 KT 1차,14KT,//lgcxydabfbch3774324.cdn.ntruss.com/KBO_IMAGE/person/middle/2023/64021.jpg,롯데
 박수종,No.14,1999년 02월 25일,외야수(우투우타),179cm/82kg, 도신초-강남중-충암고-경성대,,3000만원,22 키움 육성선수,23키움,//lgcxydabfbch3774324.cdn.ntruss.com/KBO_IMAGE/person/middle/2023/52305.jpg,키움
 박승욱,No.53,1992년 12월 04일,내야수(우투좌타),184cm/83kg, 칠성초-경복중-대구상원고-SK-KT,8000만원,7000만원,12 SK 3라운드 31순위,12SK,//lgcxydabfbch3774324.cdn.ntruss.com/KBO_IMAGE/person/middle/2023/62802.jpg,롯데
 박승주,No.42,1994년 02월 12일,투수(우투우타),181cm/96kg, 화계초-언북중-경기고-동국대-히어로즈,,4500만원,16 넥센 육성선수,17넥센,//lgcxydabfbch3774324.cdn.ntruss.com/KBO_IMAGE/person/middle/2023/66305.jpg,키움
 박신지,No.66,1999년 07월 16일,투수(우투우타),185cm/75kg, 목암초(의정부리틀)-영동중-경기고-두산-상무,14000만원,3600만원,18 두산 2차 1라운드 10순위,18두산,//lgcxydabfbch3774324.cdn.ntruss.com/KBO_IMAGE/person/middle/2023/68249.jpg,두산
 박영빈,No.0,1997년 07월 16일,외야수(우투좌타),182cm/88kg, 호원초(의정부리틀)-청량중-충암고-경희대,,3000만원,20 NC 육성선수,23NC,//lgcxydabfbch3774324.cdn.ntruss.com/KBO_IMAGE/person/middle/2023/50906.jpg,NC
 박영현,No.60,2003년 10월 11일,투수(우투우타),183cm/91kg, 부천북초-부천중-유신고,30000만원,6100만원,22 KT 1차,22KT,//lgcxydabfbch3774324.cdn.ntruss.com/KBO_IMAGE/person/middle/2023/52060.jpg,KT
 박정수,No.60,1996년 01월 29일,투수(우언좌타),178cm/74kg, 서울청구초-서울이수중-야탑고-KIA-경찰-KIA-NC,5000만원,4500만원,15 KIA 2차 7라운드 65순위,15KIA,//lgcxydabfbch3774324.cdn.ntruss.com/KBO_IMAGE/person/middle/2023/65639.jpg,두산
 박종훈,No.50,1991년 08월 13일,투수(우언우타),186cm/90kg, 군산중앙초-군산중-군산상고-SK-상무-SK,10000만원,50000만원,10 SK 2라운드 9순위,10SK,//lgcxydabfbch3774324.cdn.ntruss.com/KBO_IMAGE/person/middle/2023/60841.jpg,SSG
 박준영,No.9,1997년 08월 05일,내야수(우투우타),180cm/90kg, 서울도곡초(남양주리틀)-잠신중-경기고-NC,20000만원,6000만원,16 NC 1차,16NC,//lgcxydabfbch3774324.cdn.ntruss.com/KBO_IMAGE/person/middle/2023/66928.jpg,두산
 박준영,No.29,2003년 03월 02일,투수(우투우타),190cm/103kg, 청주우암초(청주시리틀)-세광중-세광고,20000만원,3100만원,22 한화 2차 1라운드 1순위,22한화,//lgcxydabfbch3774324.cdn.ntruss.com/KBO_IMAGE/person/middle/2023/52731.jpg,한화
 박준표,No.31,1992년 06월 26일,투수(우언우타),181cm/93kg, 송정동초-진흥중-중앙고-동강대-KIA-경찰,4000만원,10500만원,13 KIA 7라운드 62순위,13KIA,//lgcxydabfbch3774324.cdn.ntruss.com/KBO_IMAGE/person/middle/2023/63638.jpg,KIA
 박지훈,No.10,2000년 09월 07일,내야수(우투우타),183cm/80kg, 김해삼성초-경남중-마산고,6000만원,3600만원,20 두산 2차 5라운드 49순위,20두산,//lgcxydabfbch3774324.cdn.ntruss.com/KBO_IMAGE/person/middle/2023/50204.jpg,두산
 박찬혁,No.48,2003년 04월 25일,외야수(우투우타),180cm/87kg, 대전유천초(대전서구리틀)-한밭중-북일고,13000만원,4200만원,22 키움 2차 1라운드 6순위,22키움,//lgcxydabfbch3774324.cdn.ntruss.com/KBO_IMAGE/person/middle/2023/52348.jpg,키움
 박찬호,No.1,1995년 06월 05일,내야수(우투우타),178cm/72kg, 신답초-건대부중-장충고,8000만원,20000만원,14 KIA 2차 5라운드 50순위,14KIA,//lgcxydabfbch3774324.cdn.ntruss.com/KBO_IMAGE/person/middle/2023/64646.jpg,KIA
 박치국,No.1,1998년 03월 10일,투수(우언우타),177cm/78kg, 인천숭의초-인천신흥중-제물포고,14000만원,10500만원,17 두산 2차 1라운드 10순위,17두산,//lgcxydabfbch3774324.cdn.ntruss.com/KBO_IMAGE/person/middle/2023/67266.jpg,두산
 박해민,No.17,1990년 02월 24일,외야수(우투좌타),180cm/75kg, 영중초-양천중-신일고-한양대-삼성,,60000만원,12 삼성 육성선수,12삼성,//lgcxydabfbch3774324.cdn.ntruss.com/KBO_IMAGE/person/middle/2023/62415.jpg,LG
 반즈,No.28,1995년 10월 01일,투수(좌투좌타),189cm/91kg, 미국 Clemson(대),150000달러,850000달러,22 롯데 자유선발,22롯데,//lgcxydabfbch3774324.cdn.ntruss.com/KBO_IMAGE/person/middle/2023/52528.jpg,롯데
 배정대,No.27,1995년 06월 12일,외야수(우투우타),185cm/80kg, 도신초-성남중-성남고-(디지털문예대)-LG-KT-경찰,15000만원,34000만원,14 LG 2차 1라운드 3순위,14LG,//lgcxydabfbch3774324.cdn.ntruss.com/KBO_IMAGE/person/middle/2023/64166.jpg,KT
 배제성,No.19,1996년 09월 29일,투수(우투좌타),189cm/85kg, 백마초-성남중-성남고-롯데,3000만원,20000만원,15 롯데 2차 9라운드 88순위,15롯데,//lgcxydabfbch3774324.cdn.ntruss.com/KBO_IMAGE/person/middle/2023/65516.jpg,KT
 백승현,No.61,1995년 05월 26일,투수(우투우타),183cm/78kg, 소래초-상인천중-인천고,7000만원,4600만원,15 LG 2차 3라운드 30순위,17LG,//lgcxydabfbch3774324.cdn.ntruss.com/KBO_IMAGE/person/middle/2023/65109.jpg,LG
 벤자민,No.43,1993년 07월 26일,투수(좌투좌타),188cm/95kg, 미국 Kansas(대),100000달러,1000000달러,22 KT 자유선발,22KT,//lgcxydabfbch3774324.cdn.ntruss.com/KBO_IMAGE/person/middle/2023/52043.jpg,KT
 뷰캐넌,No.4,1989년 05월 11일,투수(우투우타),190cm/90kg, 미국 Georgia State(대),100000달러,1100000달러,20 삼성 자유선발,20삼성,//lgcxydabfbch3774324.cdn.ntruss.com/KBO_IMAGE/person/middle/2023/50404.jpg,삼성
 브랜든,No.48,1994년 06월 03일,투수(좌투좌타),190cm/81kg, 미국,,230000달러,22 두산 자유선발,22두산,//lgcxydabfbch3774324.cdn.ntruss.com/KBO_IMAGE/person/middle/2023/52257.jpg,두산
 산체스,No.34,1997년 04월 11일,투수(좌투좌타),178cm/99kg, 베네수엘라,,400000달러,23 한화 자유선발,23한화,//lgcxydabfbch3774324.cdn.ntruss.com/KBO_IMAGE/person/middle/2023/53714.jpg,한화
 서건창,No.14,1989년 08월 22일,내야수(우투좌타),176cm/84kg, 송정동초-충장중-광주제일고-LG-히어로즈-키움,,20000만원,08 LG 육성선수,08LG,//lgcxydabfbch3774324.cdn.ntruss.com/KBO_IMAGE/person/middle/2023/78168.jpg,LG
 서상준,No.61,2000년 01월 14일,투수(우투좌타),193cm/108kg, 동일중앙초-야로중-영문고,4000만원,,19 SK 2차 7라운드 66순위,23SSG,//lgcxydabfbch3774324.cdn.ntruss.com/KBO_IMAGE/person/middle/2023/69803.jpg,SSG
 서진용,No.22,1992년 10월 02일,투수(우투우타),184cm/88kg, 남부민초-대동중-경남고-상무-SK,,26500만원,11 SK 1라운드 7순위,13상무,//lgcxydabfbch3774324.cdn.ntruss.com/KBO_IMAGE/person/middle/2023/61895.jpg,SSG
 서호철,No.5,1996년 10월 16일,내야수(우투우타),179cm/85kg, 순천남산초-순천이수중-효천고-동의대-NC-상무,3000만원,4500만원,19 NC 2차 9라운드 87순위,20NC,//lgcxydabfbch3774324.cdn.ntruss.com/KBO_IMAGE/person/middle/2023/69995.jpg,NC
 석상호,No.60,2000년 04월 14일,투수(우투우타),182cm/102kg, 효제초-덕수중-청원고-고려대,5000만원,3000만원,23 롯데 7라운드 63순위,23롯데,//lgcxydabfbch3774324.cdn.ntruss.com/KBO_IMAGE/person/middle/2023/53560.jpg,롯데
 성동현,No.58,1999년 05월 18일,투수(우투우타),189cm/108kg, 백마초-홍은중-장충고,15000만원,3100만원,18 LG 2차 1라운드 7순위,18LG,//lgcxydabfbch3774324.cdn.ntruss.com/KBO_IMAGE/person/middle/2023/68159.jpg,LG
 소크라테스,No.30,1992년 09월 06일,외야수(좌투좌타),188cm/93kg, 도미니카 Liceo Cacique Enriquillo(고),100000달러,500000달러,22 KIA 자유선발,22KIA,//lgcxydabfbch3774324.cdn.ntruss.com/KBO_IMAGE/person/middle/2023/52630.jpg,KIA
 손동현,No.41,2001년 01월 23일,투수(우투우타),183cm/88kg, 염창초(강서구리틀)-덕수중-성남고-KT-상무,9000만원,5000만원,19 KT 2차 3라운드 21순위,19KT,//lgcxydabfbch3774324.cdn.ntruss.com/KBO_IMAGE/person/middle/2023/69041.jpg,KT
 손성빈,No.6,2002년 01월 14일,포수(우투우타),183cm/92kg, 희망대초-신흥중-장안고-롯데-상무,15000만원,3100만원,21 롯데 1차,21롯데,//lgcxydabfbch3774324.cdn.ntruss.com/KBO_IMAGE/person/middle/2023/51528.jpg,롯데
 손아섭,No.31,1988년 03월 18일,외야수(우투좌타),174cm/84kg, 양정초-개성중-부산고-롯데,8000만원,50000만원,07 롯데 2차 4라운드 29순위,07롯데,//lgcxydabfbch3774324.cdn.ntruss.com/KBO_IMAGE/person/middle/2023/77532.jpg,NC
 송명기,No.11,2000년 08월 09일,투수(우투우타),191cm/93kg, 양남초(하남시리틀)-건대부중-장충고,16000만원,13000만원,19 NC 2차 1라운드 7순위,19NC,//lgcxydabfbch3774324.cdn.ntruss.com/KBO_IMAGE/person/middle/2023/69962.jpg,NC
 송민섭,No.12,1991년 08월 02일,외야수(우투우타),177cm/80kg, 청파초(안산리틀)-선린중-선린인터넷고-단국대-KT-상무,,6500만원,14 KT 육성선수,15KT,//lgcxydabfbch3774324.cdn.ntruss.com/KBO_IMAGE/person/middle/2023/64012.jpg,KT
 송성문,No.24,1996년 08월 29일,내야수(우투좌타),183cm/88kg, 봉천초(용산구리틀)-홍은중-장충고-히어로즈-키움-상무,8000만원,12000만원,15 넥센 2차 5라운드 49순위,15넥센,//lgcxydabfbch3774324.cdn.ntruss.com/KBO_IMAGE/person/middle/2023/65357.jpg,키움
 송영진,No.98,2004년 05월 28일,투수(우투양타),185cm/90kg, 대전유천초-한밭중-대전고,15000만원,3000만원,23 SSG 2라운드 15순위,23SSG,//lgcxydabfbch3774324.cdn.ntruss.com/KBO_IMAGE/person/middle/2023/53898.jpg,SSG
 신민재,No.4,1996년 01월 21일,외야수(우투좌타),171cm/67kg, 서흥초-동인천중-인천고,,4800만원,15 두산 육성선수,19LG,//lgcxydabfbch3774324.cdn.ntruss.com/KBO_IMAGE/person/middle/2023/65207.jpg,LG
 신민혁,No.53,1999년 02월 04일,투수(우투우타),184cm/95kg, 염강초(강서구리틀)-매향중-야탑고,6000만원,13500만원,18 NC 2차 5라운드 49순위,20NC,//lgcxydabfbch3774324.cdn.ntruss.com/KBO_IMAGE/person/middle/2023/68902.jpg,NC
 신본기,No.56,1989년 03월 21일,내야수(우투우타),179cm/88kg, 감천초-경남중-경남고-동아대-롯데-경찰-롯데,12000만원,13000만원,12 롯데 2라운드 14순위,12롯데,//lgcxydabfbch3774324.cdn.ntruss.com/KBO_IMAGE/person/middle/2023/62556.jpg,KT
 신정락,No.31,1987년 05월 13일,투수(우언좌타),178cm/78kg, 천안남산초-천안북중-북일고-고려대-LG-한화,30000만원,7000만원,10 LG 1라운드 1순위,10LG,//lgcxydabfbch3774324.cdn.ntruss.com/KBO_IMAGE/person/middle/2023/60140.jpg,롯데
 신헌민,No.49,2002년 07월 19일,투수(우투우타),187cm/88kg, 학강초-광주동성중-광주동성고,18000만원,3000만원,22 SSG 2차 1라운드 2순위,22SSG,//lgcxydabfbch3774324.cdn.ntruss.com/KBO_IMAGE/person/middle/2023/52873.jpg,SSG
 심재민,No.39,1994년 02월 18일,투수(좌투우타),182cm/92kg, 장유초(김해엔젤스리틀)-개성중-개성고-(전남과학대)-KT,25000만원,8300만원,14 KT 우선지명,14KT,//lgcxydabfbch3774324.cdn.ntruss.com/KBO_IMAGE/person/middle/2023/64017.jpg,롯데
 안권수,No.0,1993년 04월 19일,외야수(우투좌타),175cm/80kg, 일본 타카사초-일본 키시중-일본 와세다실업고-일본 와세다대-두산,3000만원,8000만원,20 두산 2차 10라운드 99순위,20두산,//lgcxydabfbch3774324.cdn.ntruss.com/KBO_IMAGE/person/middle/2023/50202.jpg,롯데
 안상현,No.10,1997년 01월 27일,내야수(우투우타),178cm/74kg, 사파초-선린중-용마고-SK-상무,8000만원,4000만원,16 SK 2차 3라운드 26순위,16SK,//lgcxydabfbch3774324.cdn.ntruss.com/KBO_IMAGE/person/middle/2023/66864.jpg,SSG
 안승한,No.20,1992년 01월 25일,포수(우투우타),176cm/98kg, 남정초-선린중-충암고-동아대-KT,13000만원,4500만원,14 KT 2차 특별 12순위,14KT,//lgcxydabfbch3774324.cdn.ntruss.com/KBO_IMAGE/person/middle/2023/64011.jpg,두산
 안익훈,No.15,1996년 02월 12일,외야수(좌투좌타),176cm/70kg, 대전신흥초-충남중-대전고,12000만원,5100만원,15 LG 2차 1라운드 7순위,15LG,//lgcxydabfbch3774324.cdn.ntruss.com/KBO_IMAGE/person/middle/2023/65115.jpg,LG
 안주형,No.14,1993년 08월 14일,내야수(우투좌타),176cm/68kg, 부산중앙초-부산중-부경고-영남대,,3800만원,16 삼성 육성선수,17삼성,//lgcxydabfbch3774324.cdn.ntruss.com/KBO_IMAGE/person/middle/2023/66406.jpg,삼성
 안치영,No.8,1998년 05월 29일,외야수(우투좌타),176cm/72kg, 중동초(원미구리틀)-천안북중-북일고,6000만원,3000만원,17 KT 2차 6라운드 51순위,17KT,//lgcxydabfbch3774324.cdn.ntruss.com/KBO_IMAGE/person/middle/2023/67006.jpg,KT
 안치홍,No.13,1990년 07월 02일,내야수(우투우타),178cm/97kg, 구지초(구리리틀)-대치중-서울고-KIA-경찰-KIA,18000만원,50000만원,09 KIA 2차 1라운드 1순위,09KIA,//lgcxydabfbch3774324.cdn.ntruss.com/KBO_IMAGE/person/middle/2023/79608.jpg,롯데
 알칸타라,No.43,1992년 12월 04일,투수(우투우타),193cm/100kg, 도미니카 Liceo secundario Emma Balaguer(고)-KT,200000달러,500000달러,19 KT 자유선발,19KT,//lgcxydabfbch3774324.cdn.ntruss.com/KBO_IMAGE/person/middle/2023/69045.jpg,두산
 알포드,No.25,1994년 07월 20일,외야수(우투우타),185cm/95kg, 미국 Mississippi(대),100000달러,1000000달러,22 KT 자유선발,22KT,//lgcxydabfbch3774324.cdn.ntruss.com/KBO_IMAGE/person/middle/2023/52009.jpg,KT
 양석환,No.53,1991년 07월 15일,내야수(우투우타),185cm/90kg, 백운초-신일중-신일고-동국대-LG-상무-LG,9000만원,40000만원,14 LG 2차 3라운드 28순위,14LG,//lgcxydabfbch3774324.cdn.ntruss.com/KBO_IMAGE/person/middle/2023/64153.jpg,두산
 양의지,No.25,1987년 06월 05일,포수(우투우타),180cm/95kg, 송정동초-무등중-진흥고-두산-경찰-두산-NC,3000만원,30000만원,06 두산 2차 8라운드 59순위,06두산,//lgcxydabfbch3774324.cdn.ntruss.com/KBO_IMAGE/person/middle/2023/76232.jpg,두산
 양현,No.39,1992년 08월 23일,투수(우언우타),189cm/104kg, 영랑초-한밭중-대전고-두산-상무-히어로즈,3000만원,8500만원,11 두산 10라운드 73순위,11두산,//lgcxydabfbch3774324.cdn.ntruss.com/KBO_IMAGE/person/middle/2023/61268.jpg,키움
 양현종,No.54,1988년 03월 01일,투수(좌투좌타),183cm/91kg, 학강초-광주동성중-광주동성고-KIA-텍사스,20000만원,50000만원,07 KIA 2차 1라운드 1순위,07KIA,//lgcxydabfbch3774324.cdn.ntruss.com/KBO_IMAGE/person/middle/2023/77637.jpg,KIA
 에레디아,No.27,1991년 01월 31일,외야수(좌투우타),178cm/88kg, 쿠바 Eide Luis Agusto Tursios Lima,,900000달러,23 SSG 자유선발,23SSG,//lgcxydabfbch3774324.cdn.ntruss.com/KBO_IMAGE/person/middle/2023/53827.jpg,SSG
 엘리아스,No.25,1988년 08월 01일,투수(좌투좌타),185cm/92kg, 쿠바 Omar Ranedo(고),,540000달러,23 SSG 자유선발,23SSG,//lgcxydabfbch3774324.cdn.ntruss.com/KBO_IMAGE/person/middle/2023/53825.jpg,SSG
 오상원,No.0,2004년 07월 21일,투수(우투우타),184cm/82kg, 온곡초(광진구리틀)-청원중-선린인터넷고,11000만원,3000만원,23 키움 2라운드 16순위,23키움,//lgcxydabfbch3774324.cdn.ntruss.com/KBO_IMAGE/person/middle/2023/53300.jpg,키움
 오선우,No.56,1996년 12월 13일,내야수(좌투좌타),186cm/95kg, 성동초-자양중-배명고-인하대,5000만원,3000만원,19 KIA 2차 5라운드 50순위,19KIA,//lgcxydabfbch3774324.cdn.ntruss.com/KBO_IMAGE/person/middle/2023/69636.jpg,KIA
 오선진,No.6,1989년 07월 07일,내야수(우투우타),178cm/80kg, 화곡초-성남중-성남고-한화-상무-한화-삼성,6000만원,10000만원,08 한화 2차 4라운드 26순위,08한화,//lgcxydabfbch3774324.cdn.ntruss.com/KBO_IMAGE/person/middle/2023/78756.jpg,한화
 오스틴,No.23,1993년 10월 14일,외야수(우투우타),183cm/97kg, 미국 Klein Collins(고),100000달러,400000달러,23 LG 자유선발,23LG,//lgcxydabfbch3774324.cdn.ntruss.com/KBO_IMAGE/person/middle/2023/53123.jpg,LG
 오승환,No.21,1982년 07월 15일,투수(우투우타),178cm/93kg, 도신초-우신중-경기고-단국대-삼성-한신-세인트루이스-토론토-콜로라도,18000만원,140000만원,05 삼성 2차 1라운드 5순위,05삼성,//lgcxydabfbch3774324.cdn.ntruss.com/KBO_IMAGE/person/middle/2023/75421.jpg,삼성
 오영수,No.34,2000년 01월 30일,내야수(우투좌타),178cm/93kg, 사파초-신월중-용마고-NC-상무,10000만원,6000만원,18 NC 2차 2라운드 19순위,18NC,//lgcxydabfbch3774324.cdn.ntruss.com/KBO_IMAGE/person/middle/2023/68904.jpg,NC
 오원석,No.47,2001년 04월 23일,투수(좌투좌타),182cm/80kg, 수진초-매송중-야탑고-SK,20000만원,14000만원,20 SK 1차,20SK,//lgcxydabfbch3774324.cdn.ntruss.com/KBO_IMAGE/person/middle/2023/50859.jpg,SSG
 오윤석,No.4,1992년 02월 24일,내야수(우투우타),180cm/87kg, 화중초-자양중-경기고-연세대-롯데-상무-롯데,,12000만원,14 롯데 육성선수,15롯데,//lgcxydabfbch3774324.cdn.ntruss.com/KBO_IMAGE/person/middle/2023/64504.jpg,KT
 오재일,No.44,1986년 10월 29일,내야수(좌투좌타),187cm/95kg, 인창초(구리리틀)-구리인창중-야탑고-현대-상무-히어로즈-두산,8000만원,50000만원,05 현대 2차 3라운드 24순위,05현대,//lgcxydabfbch3774324.cdn.ntruss.com/KBO_IMAGE/person/middle/2023/75334.jpg,삼성
 오지환,No.10,1990년 03월 12일,내야수(우투좌타),186cm/80kg, 군산초-자양중-경기고,28000만원,60000만원,09 LG 1차,09LG,//lgcxydabfbch3774324.cdn.ntruss.com/KBO_IMAGE/person/middle/2023/79109.jpg,LG
 오태곤,No.37,1991년 11월 18일,외야수(우투우타),186cm/88kg, 쌍문초-신월중-청원고-롯데-경찰-롯데-KT-SK,9000만원,10000만원,10 롯데 3라운드 22순위,10롯데,//lgcxydabfbch3774324.cdn.ntruss.com/KBO_IMAGE/person/middle/2023/60558.jpg,SSG
 와이드너,No.57,1994년 10월 24일,투수(우투좌타),183cm/92kg, 미국 South Carolina(대)-NC,145000달러,598000달러,23 NC 자유선발,23NC,//lgcxydabfbch3774324.cdn.ntruss.com/KBO_IMAGE/person/middle/2023/53927.jpg,삼성
 우규민,No.2,1985년 01월 21일,투수(우언우타),184cm/75kg, 성동초-휘문중-휘문고-LG-경찰-LG,12000만원,25000만원,03 LG 2차 3라운드 19순위,03LG,//lgcxydabfbch3774324.cdn.ntruss.com/KBO_IMAGE/person/middle/2023/73117.jpg,삼성
 원태인,No.18,2000년 04월 06일,투수(우투우타),183cm/92kg, 율하초(중구리틀)-경복중-경북고,35000만원,35000만원,19 삼성 1차,19삼성,//lgcxydabfbch3774324.cdn.ntruss.com/KBO_IMAGE/person/middle/2023/69446.jpg,삼성
 윌리엄스,No.3,1993년 09월 08일,외야수(좌투좌타),190cm/97kg, 미국 Ball(고),150000달러,250000달러,23 한화 자유선발,23한화,//lgcxydabfbch3774324.cdn.ntruss.com/KBO_IMAGE/person/middle/2023/53716.jpg,한화
 윌커슨,No.46,1989년 05월 24일,투수(우투우타),188cm/104kg, 미국 Cumberland(대),,250000달러,23 롯데 자유선발,23롯데,//lgcxydabfbch3774324.cdn.ntruss.com/KBO_IMAGE/person/middle/2023/53546.jpg,롯데
 유강남,No.27,1992년 07월 15일,포수(우투우타),182cm/88kg, 청원초-휘문중-서울고-LG-상무-LG,4000만원,60000만원,11 LG 7라운드 50순위,11LG,//lgcxydabfbch3774324.cdn.ntruss.com/KBO_IMAGE/person/middle/2023/61102.jpg,롯데
 유영찬,No.54,1997년 03월 07일,투수(우투우타),185cm/90kg, 덕성초(안산리틀)-배명중-배명고-건국대,,3100만원,20 LG 2차 5라운드 43순위,23LG,//lgcxydabfbch3774324.cdn.ntruss.com/KBO_IMAGE/person/middle/2023/50106.jpg,LG
 윤대경,No.5,1994년 04월 09일,투수(우투우타),179cm/81kg, 인천서림초-동인천중-인천고-삼성,5000만원,9000만원,13 삼성 7라운드 65순위,13삼성,//lgcxydabfbch3774324.cdn.ntruss.com/KBO_IMAGE/person/middle/2023/63464.jpg,한화
 윤동희,No.91,2003년 09월 18일,외야수(우투우타),187cm/85kg, 현산초-대원중-야탑고,8000만원,3300만원,22 롯데 2차 3라운드 24순위,22롯데,//lgcxydabfbch3774324.cdn.ntruss.com/KBO_IMAGE/person/middle/2023/52591.jpg,롯데
 윤명준,No.41,1989년 06월 18일,투수(우투우타),178cm/78kg, 광주서석초-광주동성중-광주동성고-고려대-두산-상무-두산,20000만원,6000만원,12 두산 1라운드 6순위,12두산,//lgcxydabfbch3774324.cdn.ntruss.com/KBO_IMAGE/person/middle/2023/62242.jpg,롯데
 윤석원,No.95,2003년 07월 04일,투수(좌투좌타),184cm/81kg, 부산대연초-개성중-부산고,6000만원,3000만원,22 키움 2차 4라운드 36순위,23키움,//lgcxydabfbch3774324.cdn.ntruss.com/KBO_IMAGE/person/middle/2023/52395.jpg,키움
 윤영철,No.13,2004년 04월 20일,투수(좌투좌타),187cm/87kg, 창서초(서대문구리틀)-충암중-충암고,32000만원,3000만원,23 KIA 1라운드 2순위,23KIA,//lgcxydabfbch3774324.cdn.ntruss.com/KBO_IMAGE/person/middle/2023/53613.jpg,KIA
 윤중현,No.19,1995년 04월 25일,투수(우언우타),180cm/84kg, 광주서석초-무등중-광주제일고-성균관대,4000만원,7900만원,18 KIA 2차 9라운드 86순위,21KIA,//lgcxydabfbch3774324.cdn.ntruss.com/KBO_IMAGE/person/middle/2023/68619.jpg,KIA
 윤형준,No.52,1994년 01월 31일,내야수(우투우타),186cm/97kg, 광주서림초-무등중-진흥고-NC-경찰-LG,7000만원,4000만원,13 NC 4라운드 31순위,13NC,//lgcxydabfbch3774324.cdn.ntruss.com/KBO_IMAGE/person/middle/2023/63905.jpg,NC
 이건욱,No.16,1995년 02월 13일,투수(우투우타),182cm/85kg, 신도초-동산중-동산고-SK,20000만원,3100만원,14 SK 1차,14SK,//lgcxydabfbch3774324.cdn.ntruss.com/KBO_IMAGE/person/middle/2023/64861.jpg,SSG
 이도윤,No.7,1996년 10월 07일,내야수(우투좌타),175cm/79kg, 고명초-배재중-북일고,8000만원,3400만원,15 한화 2차 3라운드 24순위,15한화,//lgcxydabfbch3774324.cdn.ntruss.com/KBO_IMAGE/person/middle/2023/65703.jpg,한화
 이로운,No.92,2004년 09월 11일,투수(우투우타),185cm/105kg, 본리초-경복중-대구고,25000만원,3000만원,23 SSG 1라운드 5순위,23SSG,//lgcxydabfbch3774324.cdn.ntruss.com/KBO_IMAGE/person/middle/2023/53892.jpg,SSG
 이명종,No.97,2002년 12월 05일,투수(우투우타),180cm/84kg, 석교초-세광중-세광고,5000만원,4500만원,22 키움 2차 6라운드 56순위,22키움,//lgcxydabfbch3774324.cdn.ntruss.com/KBO_IMAGE/person/middle/2023/52397.jpg,키움
 이민우,No.27,1993년 02월 09일,투수(우투우타),185cm/104kg, 순천북초-순천이수중-효천고-경성대-KIA,24000만원,5100만원,15 KIA 1차,17KIA,//lgcxydabfbch3774324.cdn.ntruss.com/KBO_IMAGE/person/middle/2023/65616.jpg,한화
 이상규,No.48,1996년 10월 20일,투수(우투우타),185cm/77kg, 흥인초-청원중-청원고,4000만원,3600만원,15 LG 2차 7라운드 70순위,19LG,//lgcxydabfbch3774324.cdn.ntruss.com/KBO_IMAGE/person/middle/2023/65117.jpg,LG
 이상동,No.37,1995년 11월 24일,투수(우투우타),181cm/88kg, 대구옥산초-경복중-경북고-영남대,8000만원,3200만원,19 KT 2차 4라운드 31순위,19KT,//lgcxydabfbch3774324.cdn.ntruss.com/KBO_IMAGE/person/middle/2023/69054.jpg,KT
 이성규,No.13,1993년 08월 03일,내야수(우투우타),178cm/82kg, 광주대성초-광주동성중-광주동성고-인하대-삼성-경찰,8000만원,4500만원,16 삼성 2차 4라운드 31순위,16삼성,//lgcxydabfbch3774324.cdn.ntruss.com/KBO_IMAGE/person/middle/2023/66409.jpg,삼성
 이영하,No.50,1997년 11월 01일,투수(우투우타),192cm/91kg, 영일초-강남중-선린인터넷고,35000만원,12000만원,16 두산 1차,17두산,//lgcxydabfbch3774324.cdn.ntruss.com/KBO_IMAGE/person/middle/2023/66291.jpg,두산
 이용준,No.48,2002년 05월 08일,투수(우투우타),180cm/95kg, 중대초-양천중-서울디자인고,10000만원,3500만원,21 NC 2차 2라운드 16순위,21NC,//lgcxydabfbch3774324.cdn.ntruss.com/KBO_IMAGE/person/middle/2023/51948.jpg,NC
 이용찬,No.22,1989년 01월 02일,투수(우투우타),185cm/85kg, 신원초-양천중-장충고-두산-상무-두산,45000만원,40000만원,07 두산 1차,07두산,//lgcxydabfbch3774324.cdn.ntruss.com/KBO_IMAGE/person/middle/2023/77211.jpg,NC
 이우성,No.25,1994년 07월 17일,외야수(우투우타),182cm/95kg, 대전유천초-한밭중-대전고-두산-상무-두산-NC,12000만원,5500만원,13 두산 2라운드 15순위,13두산,//lgcxydabfbch3774324.cdn.ntruss.com/KBO_IMAGE/person/middle/2023/63260.jpg,KIA
 이우찬,No.37,1992년 08월 04일,투수(좌투좌타),183cm/88kg, 온양온천초-온양중-북일고-LG-경찰,11000만원,12000만원,11 LG 2라운드 15순위,11LG,//lgcxydabfbch3774324.cdn.ntruss.com/KBO_IMAGE/person/middle/2023/61145.jpg,LG
 이원석,No.50,1999년 03월 31일,외야수(우투우타),177cm/69kg, 화곡초-충암중-충암고,8000만원,3300만원,18 한화 2차 4라운드 34순위,19한화,//lgcxydabfbch3774324.cdn.ntruss.com/KBO_IMAGE/person/middle/2023/68700.jpg,한화
 이유찬,No.7,1998년 08월 05일,내야수(우투우타),175cm/68kg, 동막초-천안북중-북일고-두산-상무,6000만원,6000만원,17 두산 2차 5라운드 50순위,17두산,//lgcxydabfbch3774324.cdn.ntruss.com/KBO_IMAGE/person/middle/2023/67207.jpg,두산
 이재익,No.45,1994년 03월 18일,투수(좌투좌타),180cm/76kg, 삼일초-중앙중-유신고,4000만원,5700만원,13 삼성 8라운드 68순위,20삼성,//lgcxydabfbch3774324.cdn.ntruss.com/KBO_IMAGE/person/middle/2023/63492.jpg,삼성
 이재학,No.51,1990년 10월 04일,투수(우언우타),181cm/84kg, 대구옥산초-경복중-대구고-두산,10000만원,20000만원,10 두산 2라운드 10순위,10두산,//lgcxydabfbch3774324.cdn.ntruss.com/KBO_IMAGE/person/middle/2023/60263.jpg,NC
 이재현,No.7,2003년 02월 04일,내야수(우투우타),180cm/82kg, 서울이수초-선린중-서울고,22000만원,6000만원,22 삼성 1차,22삼성,//lgcxydabfbch3774324.cdn.ntruss.com/KBO_IMAGE/person/middle/2023/52415.jpg,삼성
 이정용,No.31,1996년 03월 26일,투수(우투우타),186cm/85kg, 영일초-성남중-성남고-동아대,20000만원,24000만원,19 LG 1차,19LG,//lgcxydabfbch3774324.cdn.ntruss.com/KBO_IMAGE/person/middle/2023/69134.jpg,LG
 이정훈,No.48,1994년 12월 07일,포수(우투좌타),185cm/90kg, 교문초-배재중-휘문고-경희대-KIA-상무-KIA,3000만원,4000만원,17 KIA 2차 10라운드 94순위,17KIA,//lgcxydabfbch3774324.cdn.ntruss.com/KBO_IMAGE/person/middle/2023/67644.jpg,롯데
 이종민,No.54,2001년 06월 04일,투수(좌투좌타),185cm/96kg, 성동초-덕수중-성남고,11000만원,3100만원,20 키움 2차 1라운드 7순위,20키움,//lgcxydabfbch3774324.cdn.ntruss.com/KBO_IMAGE/person/middle/2023/50354.jpg,키움
 이주형,No.38,2001년 04월 02일,내야수(우투좌타),183cm/80kg, 송수초(해운대리틀)-센텀중-경남고-LG,15000만원,3300만원,20 LG 2차 2라운드 13순위,20LG,//lgcxydabfbch3774324.cdn.ntruss.com/KBO_IMAGE/person/middle/2023/50167.jpg,키움
 이준영,No.20,1992년 08월 10일,투수(좌투좌타),177cm/85kg, 군산남초-군산중-군산상고-중앙대-KIA-상무,8000만원,14000만원,15 KIA 2차 4라운드 42순위,15KIA,//lgcxydabfbch3774324.cdn.ntruss.com/KBO_IMAGE/person/middle/2023/65665.jpg,KIA
 이진영,No.45,1997년 07월 21일,외야수(우투우타),183cm/89kg, 둔촌초-선린중-선린인터넷고-KIA-경찰-KIA,5000만원,3900만원,16 KIA 2차 6라운드 58순위,16KIA,//lgcxydabfbch3774324.cdn.ntruss.com/KBO_IMAGE/person/middle/2023/66657.jpg,한화
 이창진,No.66,1991년 03월 04일,외야수(우투우타),173cm/85kg, 신도초-동인천중-인천고-건국대-롯데-KT-상무-KT,5000만원,14000만원,14 롯데 2차 6라운드 60순위,14롯데,//lgcxydabfbch3774324.cdn.ntruss.com/KBO_IMAGE/person/middle/2023/64560.jpg,KIA
 이채호,No.17,1998년 11월 23일,투수(우언우타),185cm/85kg, 동광초(김해리틀)-원동중-용마고-SK-SSG,5000만원,6000만원,18 SK 2차 6라운드 55순위,18SK,//lgcxydabfbch3774324.cdn.ntruss.com/KBO_IMAGE/person/middle/2023/68896.jpg,KT
 이태양,No.46,1990년 07월 03일,투수(우투좌타),192cm/97kg, 여수서초-여수중-효천고-한화-SK-SSG,7000만원,66000만원,10 한화 5라운드 36순위,10한화,//lgcxydabfbch3774324.cdn.ntruss.com/KBO_IMAGE/person/middle/2023/60768.jpg,한화
 이학주,No.7,1990년 11월 04일,내야수(우투좌타),187cm/87kg, 하안북초-양천중-충암고-삼성,,7200만원,19 삼성 2차 1라운드 2순위,09시카고컵스,//lgcxydabfbch3774324.cdn.ntruss.com/KBO_IMAGE/person/middle/2023/69453.jpg,롯데
 이호연,No.34,1995년 06월 03일,내야수(우투좌타),177cm/87kg, 광주수창초-진흥중-광주제일고-성균관대-롯데,6000만원,5700만원,18 롯데 2차 6라운드 53순위,18롯데,//lgcxydabfbch3774324.cdn.ntruss.com/KBO_IMAGE/person/middle/2023/68504.jpg,KT
 이흥련,No.55,1989년 05월 16일,포수(우투우타),183cm/91kg, 상탑초-매송중-야탑고-홍익대-삼성-경찰-두산-SK,7000만원,7000만원,13 삼성 5라운드 47순위,13삼성,//lgcxydabfbch3774324.cdn.ntruss.com/KBO_IMAGE/person/middle/2023/63440.jpg,SSG
 임기영,No.17,1993년 04월 16일,투수(우언우타),184cm/86kg, 대구수창초-경운중-경북고-한화-상무,11000만원,15000만원,12 한화 2라운드 18순위,12한화,//lgcxydabfbch3774324.cdn.ntruss.com/KBO_IMAGE/person/middle/2023/62754.jpg,KIA
 임정호,No.30,1990년 04월 16일,투수(좌투좌타),188cm/90kg, 성동초-잠신중-신일고-성균관대-NC-상무,7000만원,9000만원,13 NC 3라운드 30순위,13NC,//lgcxydabfbch3774324.cdn.ntruss.com/KBO_IMAGE/person/middle/2023/63959.jpg,NC
 임지열,No.29,1995년 08월 22일,내야수(우투우타),180cm/94kg, 대전신흥초-건대부중-덕수고-히어로즈-경찰,11000만원,5000만원,14 넥센 2차 2라운드 22순위,14넥센,//lgcxydabfbch3774324.cdn.ntruss.com/KBO_IMAGE/person/middle/2023/64340.jpg,키움
 임찬규,No.1,1992년 11월 20일,투수(우투우타),185cm/80kg, 가동초-청원중-휘문고-LG-경찰,30000만원,17000만원,11 LG 1라운드 2순위,11LG,//lgcxydabfbch3774324.cdn.ntruss.com/KBO_IMAGE/person/middle/2023/61101.jpg,LG
 임창민,No.45,1985년 08월 25일,투수(우투우타),183cm/94kg, 광주대성초-광주동성중-광주동성고-연세대-히어로즈-경찰-히어로즈-NC-두산,7000만원,10000만원,08 현대 2차 2라운드 11순위,08우리,//lgcxydabfbch3774324.cdn.ntruss.com/KBO_IMAGE/person/middle/2023/78352.jpg,키움
 장민재,No.36,1990년 03월 19일,투수(우투우타),184cm/106kg, 광주화정초-무등중-광주제일고,8000만원,11500만원,09 한화 2차 3라운드 22순위,09한화,//lgcxydabfbch3774324.cdn.ntruss.com/KBO_IMAGE/person/middle/2023/79764.jpg,한화
 장성우,No.22,1990년 01월 17일,포수(우투우타),187cm/100kg, 감천초-경남중-경남고-롯데-경찰-롯데,20000만원,50000만원,08 롯데 1차,08롯데,//lgcxydabfbch3774324.cdn.ntruss.com/KBO_IMAGE/person/middle/2023/78548.jpg,KT
 장승현,No.22,1994년 03월 07일,포수(우투양타),184cm/86kg, 인천서림초-동산중-제물포고-두산-경찰,7000만원,6000만원,13 두산 4라운드 36순위,13두산,//lgcxydabfbch3774324.cdn.ntruss.com/KBO_IMAGE/person/middle/2023/63202.jpg,두산
 장시환,No.28,1987년 11월 01일,투수(우투우타),184cm/97kg, 태안초-태안중-북일고-현대-히어로즈-상무-히어로즈-KT-롯데,18000만원,28000만원,07 현대 2차 1라운드 2순위,07현대,//lgcxydabfbch3774324.cdn.ntruss.com/KBO_IMAGE/person/middle/2023/77318.jpg,한화
 장원준,No.28,1985년 07월 31일,투수(좌투좌타),184cm/85kg, 부산수영초-대동중-부산고-(영남사이버대)-롯데-경찰-롯데,35000만원,5000만원,04 롯데 1차,04롯데,//lgcxydabfbch3774324.cdn.ntruss.com/KBO_IMAGE/person/middle/2023/74513.jpg,두산
 장재영,No.61,2002년 05월 10일,투수(우투우타),188cm/83kg, 갈산초-서울신월중-덕수고,90000만원,3200만원,21 키움 1차,21키움,//lgcxydabfbch3774324.cdn.ntruss.com/KBO_IMAGE/person/middle/2023/51359.jpg,키움
 장준원,No.3,1995년 11월 21일,내야수(우투우타),183cm/77kg, 경운초(김해리틀)-개성중-경남고-LG,10000만원,5000만원,14 LG 2차 2라운드 23순위,14LG,//lgcxydabfbch3774324.cdn.ntruss.com/KBO_IMAGE/person/middle/2023/64115.jpg,KT
 장진혁,No.51,1993년 09월 30일,외야수(우투좌타),184cm/90kg, 광주화정초-충장중-광주제일고-단국대,7000만원,6000만원,16 한화 2차 4라운드 39순위,18한화,//lgcxydabfbch3774324.cdn.ntruss.com/KBO_IMAGE/person/middle/2023/66706.jpg,한화
 장현식,No.50,1995년 02월 24일,투수(우투우타),181cm/91kg, 신도초-서울이수중-서울고-NC-경찰-NC,15000만원,19000만원,13 NC 1라운드 9순위,13NC,//lgcxydabfbch3774324.cdn.ntruss.com/KBO_IMAGE/person/middle/2023/63950.jpg,KIA
 전병우,No.13,1992년 10월 24일,내야수(우투우타),182cm/93kg, 동삼초-경남중-개성고-동아대-롯데,9000만원,8000만원,15 롯데 2차 3라운드 28순위,18롯데,//lgcxydabfbch3774324.cdn.ntruss.com/KBO_IMAGE/person/middle/2023/65586.jpg,키움
 전상현,No.51,1996년 04월 18일,투수(우투우타),182cm/84kg, 남도초-경복중-대구상원고-KIA-상무,7000만원,13500만원,16 KIA 2차 4라운드 38순위,16KIA,//lgcxydabfbch3774324.cdn.ntruss.com/KBO_IMAGE/person/middle/2023/66609.jpg,KIA
 전준우,No.8,1986년 02월 25일,내야수(우투우타),184cm/98kg, 흥무초-경주중-경주고-건국대-롯데-경찰,10000만원,50000만원,08 롯데 2차 2라운드 15순위,08롯데,//lgcxydabfbch3774324.cdn.ntruss.com/KBO_IMAGE/person/middle/2023/78513.jpg,롯데
 정보근,No.42,1999년 08월 31일,포수(우투우타),175cm/94kg, 부산수영초-경남중-경남고,3000만원,5900만원,18 롯데 2차 9라운드 83순위,19롯데,//lgcxydabfbch3774324.cdn.ntruss.com/KBO_IMAGE/person/middle/2023/68518.jpg,롯데
 정수빈,No.31,1990년 10월 07일,외야수(좌투좌타),175cm/70kg, 수원신곡초-수원북중-유신고-두산-경찰,6000만원,60000만원,09 두산 2차 5라운드 39순위,09두산,//lgcxydabfbch3774324.cdn.ntruss.com/KBO_IMAGE/person/middle/2023/79231.jpg,두산
 정우람,No.57,1985년 06월 01일,투수(좌투좌타),181cm/83kg, 하단초-대동중-경남상고-SK,8500만원,50000만원,04 SK 2차 2라운드 11순위,04SK,//lgcxydabfbch3774324.cdn.ntruss.com/KBO_IMAGE/person/middle/2023/74857.jpg,한화
 정우영,No.18,1999년 08월 19일,투수(우언우타),193cm/85kg, 가평초-강남중-서울고,10000만원,40000만원,19 LG 2차 2라운드 15순위,19LG,//lgcxydabfbch3774324.cdn.ntruss.com/KBO_IMAGE/person/middle/2023/69159.jpg,LG
 정은원,No.43,2000년 01월 17일,내야수(우투좌타),177cm/84kg, 상인천초-상인천중-인천고,9000만원,21800만원,18 한화 2차 3라운드 24순위,18한화,//lgcxydabfbch3774324.cdn.ntruss.com/KBO_IMAGE/person/middle/2023/68743.jpg,한화
 정주현,No.7,1990년 10월 13일,내야수(우투우타),176cm/76kg, 대구대현초-경상중-대구고-LG-상무,6000만원,6500만원,09 LG 2차 5라운드 36순위,09LG,//lgcxydabfbch3774324.cdn.ntruss.com/KBO_IMAGE/person/middle/2023/79150.jpg,LG
 정철원,No.65,1999년 03월 27일,투수(우투우타),192cm/95kg, 역북초-송전중-안산공고,10000만원,10000만원,18 두산 2차 2라운드 20순위,18두산,//lgcxydabfbch3774324.cdn.ntruss.com/KBO_IMAGE/person/middle/2023/68242.jpg,두산
 정해영,No.62,2001년 08월 23일,투수(우투우타),189cm/98kg, 광주대성초-광주동성중-광주제일고,20000만원,23000만원,20 KIA 1차,20KIA,//lgcxydabfbch3774324.cdn.ntruss.com/KBO_IMAGE/person/middle/2023/50662.jpg,KIA
 정훈,No.9,1987년 07월 18일,내야수(우투우타),180cm/85kg, 양덕초-마산동중-용마고,,30000만원,06 현대 육성선수,10롯데,//lgcxydabfbch3774324.cdn.ntruss.com/KBO_IMAGE/person/middle/2023/60523.jpg,롯데
 조수행,No.51,1993년 08월 30일,외야수(우투좌타),178cm/73kg, 노암초-경포중-강릉고-건국대-두산-상무,14000만원,7800만원,16 두산 2차 1라운드 5순위,16두산,//lgcxydabfbch3774324.cdn.ntruss.com/KBO_IMAGE/person/middle/2023/66209.jpg,두산
 조용호,No.23,1989년 09월 09일,외야수(우투좌타),170cm/75kg, 성동초-잠신중-야탑고-단국대-SK,,32000만원,14 SK 육성선수,17SK,//lgcxydabfbch3774324.cdn.ntruss.com/KBO_IMAGE/person/middle/2023/64868.jpg,KT
 조이현,No.54,1995년 06월 27일,투수(우투좌타),185cm/95kg, 송정동초-배재중-제주고-한화-SK-상무-SK-SSG,7000만원,6500만원,14 한화 2차 5라운드 47순위,14한화,//lgcxydabfbch3774324.cdn.ntruss.com/KBO_IMAGE/person/middle/2023/64768.jpg,KT
 조현진,No.94,2002년 09월 10일,내야수(우투좌타),182cm/69kg, 아라초(함안리틀)-창원신월중-마산고,5000만원,3000만원,21 한화 2차 6라운드 52순위,23NC,//lgcxydabfbch3774324.cdn.ntruss.com/KBO_IMAGE/person/middle/2023/51701.jpg,NC
 조형우,No.32,2002년 04월 04일,포수(우투우타),187cm/95kg, 송정동초-무등중-광주제일고-SK,13000만원,3200만원,21 SK 2차 1라운드 8순위,21SK,//lgcxydabfbch3774324.cdn.ntruss.com/KBO_IMAGE/person/middle/2023/51865.jpg,SSG
 주권,No.38,1995년 05월 31일,투수(우투우타),181cm/82kg, 청주우암초-청주중-청주고,30000만원,29500만원,15 KT 우선지명,15KT,//lgcxydabfbch3774324.cdn.ntruss.com/KBO_IMAGE/person/middle/2023/65060.jpg,KT
 주승우,No.30,2000년 01월 30일,투수(우투우타),185cm/82kg, 송추초(의정부리틀)-영동중-서울고-성균관대,18000만원,3100만원,22 키움 1차,22키움,//lgcxydabfbch3774324.cdn.ntruss.com/KBO_IMAGE/person/middle/2023/52330.jpg,키움
 주현상,No.66,1992년 08월 10일,투수(우투우타),177cm/92kg, 청주우암초-청주중-청주고-동아대,5000만원,5800만원,15 한화 2차 7라운드 64순위,15한화,//lgcxydabfbch3774324.cdn.ntruss.com/KBO_IMAGE/person/middle/2023/65707.jpg,한화
 진승현,No.26,2003년 09월 05일,투수(우투좌타),184cm/108kg, 본리초-협성경복중-경북고,12000만원,3200만원,22 롯데 2차 2라운드 14순위,22롯데,//lgcxydabfbch3774324.cdn.ntruss.com/KBO_IMAGE/person/middle/2023/52558.jpg,롯데
 채은성,No.22,1990년 02월 06일,외야수(우투우타),186cm/92kg, 순천북초-순천이수중-효천고-LG,,180000만원,09 LG 육성선수,14LG,//lgcxydabfbch3774324.cdn.ntruss.com/KBO_IMAGE/person/middle/2023/79192.jpg,한화
 최동환,No.13,1989년 09월 19일,투수(우투우타),184cm/83kg, 인헌초-선린중-경동고,12000만원,10500만원,09 LG 2차 2라운드 13순위,09LG,//lgcxydabfbch3774324.cdn.ntruss.com/KBO_IMAGE/person/middle/2023/79140.jpg,LG
 최민준,No.67,1999년 06월 11일,투수(우투우타),178cm/83kg, 부산수영초-경남중-경남고-SK-상무-SK,10000만원,13000만원,18 SK 2차 2라운드 15순위,18SK,//lgcxydabfbch3774324.cdn.ntruss.com/KBO_IMAGE/person/middle/2023/68856.jpg,SSG
 최상민,No.8,1999년 08월 20일,외야수(좌투좌타),178cm/75kg, 석교초-청주중-북일고,,3000만원,18 SK 육성선수,22SSG,//lgcxydabfbch3774324.cdn.ntruss.com/KBO_IMAGE/person/middle/2023/68805.jpg,SSG
 최성영,No.20,1997년 04월 28일,투수(좌투좌타),180cm/85kg, 영랑초-설악중-설악고-NC-상무,10000만원,7200만원,16 NC 2차 2라운드 13순위,16NC,//lgcxydabfbch3774324.cdn.ntruss.com/KBO_IMAGE/person/middle/2023/66920.jpg,NC
 최승민,No.62,1996년 07월 01일,외야수(우투좌타),181cm/73kg, 서울학동초-대치중-신일고-상무-NC,,3300만원,15 NC 육성선수,17상무,//lgcxydabfbch3774324.cdn.ntruss.com/KBO_IMAGE/person/middle/2023/65905.jpg,LG
 최승용,No.64,2001년 05월 11일,투수(좌투좌타),190cm/87kg, 양오초-모가중-소래고,8000만원,6000만원,21 두산 2차 2라운드 20순위,21두산,//lgcxydabfbch3774324.cdn.ntruss.com/KBO_IMAGE/person/middle/2023/51264.jpg,두산
 최영환,No.45,1992년 02월 20일,투수(우투우타),179cm/93kg, 감천초-대동중-개성고-동아대-(영남사이버대)-한화,15000만원,4000만원,14 한화 2차 1라운드 2순위,14한화,//lgcxydabfbch3774324.cdn.ntruss.com/KBO_IMAGE/person/middle/2023/64718.jpg,롯데
 최원준,No.16,1997년 03월 23일,외야수(우투좌타),178cm/84kg, 연현초-서울경원중-서울고-KIA-상무,15000만원,22000만원,16 KIA 2차 1라운드 3순위,16KIA,//lgcxydabfbch3774324.cdn.ntruss.com/KBO_IMAGE/person/middle/2023/66606.jpg,KIA
 최인호,No.41,2000년 01월 30일,외야수(우투좌타),178cm/88kg, 송정동초-광주동성중-포항제철고-한화-상무,6000만원,3800만원,20 한화 2차 6라운드 58순위,20한화,//lgcxydabfbch3774324.cdn.ntruss.com/KBO_IMAGE/person/middle/2023/50707.jpg,한화
 최재훈,No.13,1989년 08월 27일,포수(우투우타),178cm/94kg, 화곡초-덕수중-덕수고-(방송통신대)-두산-경찰-두산,,80000만원,08 두산 육성선수,08두산,//lgcxydabfbch3774324.cdn.ntruss.com/KBO_IMAGE/person/middle/2023/78288.jpg,한화
 최정,No.14,1987년 02월 28일,내야수(우투우타),180cm/90kg, 대일초-평촌중-유신고-SK,30000만원,100000만원,05 SK 1차,05SK,//lgcxydabfbch3774324.cdn.ntruss.com/KBO_IMAGE/person/middle/2023/75847.jpg,SSG
 최정용,No.23,1996년 10월 24일,내야수(우투좌타),178cm/75kg, 서원초-세광중-세광고-삼성-SK-상무,11000만원,4000만원,15 삼성 2차 2라운드 15순위,15삼성,//lgcxydabfbch3774324.cdn.ntruss.com/KBO_IMAGE/person/middle/2023/65464.jpg,KIA
 최정원,No.33,2000년 06월 24일,내야수(우투좌타),176cm/75kg, 서원초-청주중-청주고-NC-상무,5000만원,6600만원,19 NC 2차 7라운드 67순위,20NC,//lgcxydabfbch3774324.cdn.ntruss.com/KBO_IMAGE/person/middle/2023/69992.jpg,NC
 최주환,No.53,1988년 02월 28일,내야수(우투좌타),178cm/73kg, 학강초-광주동성중-광주동성고-두산-상무-두산-SK,6000만원,65000만원,06 두산 2차 6라운드 46순위,06두산,//lgcxydabfbch3774324.cdn.ntruss.com/KBO_IMAGE/person/middle/2023/76267.jpg,SSG
 최준용,No.18,2001년 10월 10일,투수(우투우타),185cm/85kg, 부산수영초-대천중-경남고,25000만원,15800만원,20 롯데 1차,20롯데,//lgcxydabfbch3774324.cdn.ntruss.com/KBO_IMAGE/person/middle/2023/50556.jpg,롯데
 최지강,No.42,2001년 07월 23일,투수(우투좌타),180cm/88kg, 광주서석초-광주동성중-광주동성고-강릉영동대,,3000만원,22 두산 육성선수,22두산,//lgcxydabfbch3774324.cdn.ntruss.com/KBO_IMAGE/person/middle/2023/52206.jpg,두산
 최지광,No.16,1998년 03월 13일,투수(우투우타),173cm/88kg, 감천초-대신중-부산고-삼성-상무,13000만원,14000만원,17 삼성 2차 1라운드 9순위,17삼성,//lgcxydabfbch3774324.cdn.ntruss.com/KBO_IMAGE/person/middle/2023/67421.jpg,삼성
 최지민,No.39,2003년 09월 10일,투수(좌투좌타),185cm/100kg, 강릉율곡초(강릉리틀)-경포중-강릉고,15000만원,3000만원,22 KIA 2차 1라운드 5순위,22KIA,//lgcxydabfbch3774324.cdn.ntruss.com/KBO_IMAGE/person/middle/2023/52639.jpg,KIA
 최지훈,No.54,1997년 07월 23일,외야수(우투좌타),178cm/82kg, 광주수창초-무등중-광주제일고-동국대-SK,8000만원,30000만원,20 SK 2차 3라운드 30순위,20SK,//lgcxydabfbch3774324.cdn.ntruss.com/KBO_IMAGE/person/middle/2023/50854.jpg,SSG
 최채흥,No.56,1995년 01월 22일,투수(좌투좌타),186cm/98kg, 동천초-포항중-대구상원고-한양대-삼성-상무,30000만원,15000만원,18 삼성 1차,18삼성,//lgcxydabfbch3774324.cdn.ntruss.com/KBO_IMAGE/person/middle/2023/68419.jpg,삼성
 최하늘,No.19,1999년 03월 26일,투수(우언우타),190cm/99kg, 서울학동초-자양중-경기고-롯데-상무,5000만원,3600만원,18 롯데 2차 7라운드 63순위,19롯데,//lgcxydabfbch3774324.cdn.ntruss.com/KBO_IMAGE/person/middle/2023/68501.jpg,삼성
 최항,No.4,1994년 01월 03일,내야수(우투좌타),183cm/88kg, 대일초-매송중-유신고-SK,,3100만원,12 SK 8라운드 70순위,17SK,//lgcxydabfbch3774324.cdn.ntruss.com/KBO_IMAGE/person/middle/2023/62884.jpg,SSG
 최형우,No.34,1983년 12월 16일,외야수(우투좌타),180cm/106kg, 진북초-전주동중-전주고-삼성-경찰-삼성,5000만원,90000만원,02 삼성 2차 6라운드 48순위,02삼성,//lgcxydabfbch3774324.cdn.ntruss.com/KBO_IMAGE/person/middle/2023/72443.jpg,KIA
 추신수,No.17,1982년 07월 13일,외야수(좌투좌타),180cm/97kg, 부산수영초-부산중-부산고-SK,,170000만원,07 해외진출선수 특별지명,00시애틀,//lgcxydabfbch3774324.cdn.ntruss.com/KBO_IMAGE/person/middle/2023/51817.jpg,SSG
 켈리,No.3,1989년 10월 04일,투수(우투우타),191cm/98kg, 미국 Sarasota(고),300000달러,1050000달러,19 LG 자유선발,19LG,//lgcxydabfbch3774324.cdn.ntruss.com/KBO_IMAGE/person/middle/2023/69103.jpg,LG
 쿠에바스,No.32,1990년 10월 14일,투수(우투우타),188cm/98kg, 베네수엘라 Universidad De Carabobo(대),250000달러,450000달러,19 KT 자유선발,19KT,//lgcxydabfbch3774324.cdn.ntruss.com/KBO_IMAGE/person/middle/2023/69032.jpg,KT
 태너,No.9,1994년 11월 30일,투수(좌투좌타),184cm/92kg, 미국 The Ohio State(대),,150000달러,23 NC 자유선발,23NC,//lgcxydabfbch3774324.cdn.ntruss.com/KBO_IMAGE/person/middle/2023/53909.jpg,NC
 파노니,No.45,1994년 04월 28일,투수(좌투좌타),185cm/92kg, 미국 Southern Nevada(대),,350000달러,22 KIA 자유선발,22KIA,//lgcxydabfbch3774324.cdn.ntruss.com/KBO_IMAGE/person/middle/2023/52606.jpg,KIA
 페냐,No.20,1990년 01월 25일,투수(우투우타),188cm/99kg, 도미니카 Centro de Desarrollo y Crecimiento Credy,100000달러,550000달러,22 한화 자유선발,22한화,//lgcxydabfbch3774324.cdn.ntruss.com/KBO_IMAGE/person/middle/2023/52720.jpg,한화
 페디,No.13,1993년 02월 25일,투수(우투우타),193cm/92kg," 미국 Nevada, Las Vegas(대)",200000달러,800000달러,23 NC 자유선발,23NC,//lgcxydabfbch3774324.cdn.ntruss.com/KBO_IMAGE/person/middle/2023/53913.jpg,NC
 피렐라,No.63,1989년 11월 21일,외야수(우투우타),183cm/99kg, 베네수엘라 Manuel Segundo Sanchez(고),100000달러,1200000달러,21 삼성 자유선발,21삼성,//lgcxydabfbch3774324.cdn.ntruss.com/KBO_IMAGE/person/middle/2023/51463.jpg,삼성
 하영민,No.50,1995년 05월 07일,투수(우투우타),180cm/74kg, 광주수창초-진흥중-진흥고-히어로즈,15000만원,6500만원,14 넥센 2차 1라운드 4순위,14넥센,//lgcxydabfbch3774324.cdn.ntruss.com/KBO_IMAGE/person/middle/2023/64350.jpg,키움
 하재훈,No.13,1990년 10월 29일,외야수(우투우타),182cm/90kg, 양덕초-마산동중-용마고-SK,,5500만원,19 SK 2차 2라운드 16순위,09시카고컵스,//lgcxydabfbch3774324.cdn.ntruss.com/KBO_IMAGE/person/middle/2023/69813.jpg,SSG
 하준영,No.39,1999년 09월 06일,투수(좌투좌타),182cm/79kg, 서울이수초-성남중-성남고-KIA,11000만원,7500만원,18 KIA 2차 2라운드 16순위,18KIA,//lgcxydabfbch3774324.cdn.ntruss.com/KBO_IMAGE/person/middle/2023/68639.jpg,NC
 하준호,No.28,1989년 04월 29일,투수(좌투좌타),174cm/78kg, 하단초-대동중-경남고-롯데,16000만원,4500만원,08 롯데 2차 1라운드 2순위,08롯데,//lgcxydabfbch3774324.cdn.ntruss.com/KBO_IMAGE/person/middle/2023/78517.jpg,KT
 한동희,No.25,1999년 06월 01일,내야수(우투우타),182cm/108kg, 부산대연초-경남중-경남고,18000만원,19260만원,18 롯데 1차,18롯데,//lgcxydabfbch3774324.cdn.ntruss.com/KBO_IMAGE/person/middle/2023/68525.jpg,롯데
 한승주,No.59,2001년 03월 17일,투수(우투우타),184cm/83kg, 부산수영초-대천중-부산고,11000만원,3100만원,20 한화 2차 2라운드 18순위,20한화,//lgcxydabfbch3774324.cdn.ntruss.com/KBO_IMAGE/person/middle/2023/50726.jpg,한화
 한승택,No.26,1994년 06월 21일,포수(우투우타),174cm/83kg, 잠전초(남양주리틀)-잠신중-덕수고-한화-경찰,9000만원,8000만원,13 한화 3라운드 23순위,13한화,//lgcxydabfbch3774324.cdn.ntruss.com/KBO_IMAGE/person/middle/2023/63722.jpg,KIA
 한유섬,No.35,1989년 08월 09일,외야수(우투좌타),190cm/105kg, 중앙초(해운대리틀)-대천중-경남고-경성대-SK-상무-SK,3000만원,50000만원,12 SK 9라운드 85순위,12SK,//lgcxydabfbch3774324.cdn.ntruss.com/KBO_IMAGE/person/middle/2023/62895.jpg,SSG
 한재승,No.60,2001년 11월 21일,투수(우투우타),180cm/90kg, 동막초-상인천중-인천고,7000만원,3200만원,21 NC 2차 4라운드 36순위,21NC,//lgcxydabfbch3774324.cdn.ntruss.com/KBO_IMAGE/person/middle/2023/51994.jpg,NC
 한준수,No.55,1999년 02월 13일,포수(우투좌타),184cm/95kg, 광주서석초-광주동성중-광주동성고,16000만원,3100만원,18 KIA 1차,18KIA,//lgcxydabfbch3774324.cdn.ntruss.com/KBO_IMAGE/person/middle/2023/68646.jpg,KIA
 한현희,No.16,1993년 06월 25일,투수(우언우타),182cm/98kg, 동삼초-경남중-경남고-히어로즈-키움,23000만원,20000만원,12 넥센 1라운드 2순위,12넥센,//lgcxydabfbch3774324.cdn.ntruss.com/KBO_IMAGE/person/middle/2023/62363.jpg,롯데
 허경민,No.13,1990년 08월 26일,내야수(우투우타),176cm/69kg, 송정동초-충장중-광주제일고-두산-경찰,13000만원,120000만원,09 두산 2차 1라운드 7순위,09두산,//lgcxydabfbch3774324.cdn.ntruss.com/KBO_IMAGE/person/middle/2023/79240.jpg,두산
 허관회,No.48,1999년 02월 12일,포수(우투우타),176cm/93kg, 경동초(의정부리틀)-건대부중-경기고,3000만원,3300만원,19 한화 2차 9라운드 83순위,20한화,//lgcxydabfbch3774324.cdn.ntruss.com/KBO_IMAGE/person/middle/2023/69706.jpg,한화
 허도환,No.30,1984년 07월 31일,포수(우투우타),176cm/87kg, 서울학동초-서울이수중-서울고-단국대-두산-히어로즈-한화-SK-KT,,10000만원,03 두산 2차 7라운드 56순위,07두산,//lgcxydabfbch3774324.cdn.ntruss.com/KBO_IMAGE/person/middle/2023/77243.jpg,LG
 홍건희,No.17,1992년 09월 29일,투수(우투우타),187cm/97kg, 화순초-화순중-화순고-KIA-상무-KIA,14000만원,30000만원,11 KIA 2라운드 9순위,11KIA,//lgcxydabfbch3774324.cdn.ntruss.com/KBO_IMAGE/person/middle/2023/61643.jpg,두산
 홍정우,No.11,1996년 03월 16일,투수(우투우타),182cm/85kg, 도신초-강남중-충암고-경찰,8000만원,6300만원,15 삼성 2차 4라운드 35순위,16경찰,//lgcxydabfbch3774324.cdn.ntruss.com/KBO_IMAGE/person/middle/2023/65496.jpg,삼성
 홍창기,No.51,1993년 11월 21일,외야수(우투좌타),189cm/94kg, 대일초-매송중-안산공고-건국대-LG-경찰,8000만원,30000만원,16 LG 2차 3라운드 27순위,16LG,//lgcxydabfbch3774324.cdn.ntruss.com/KBO_IMAGE/person/middle/2023/66108.jpg,LG
 황대인,No.52,1996년 02월 10일,내야수(우투우타),178cm/100kg, 군산신풍초-자양중-경기고-KIA-상무,16000만원,13000만원,15 KIA 2차 1라운드 2순위,15KIA,//lgcxydabfbch3774324.cdn.ntruss.com/KBO_IMAGE/person/middle/2023/65610.jpg,KIA
 황동하,No.10,2002년 07월 30일,투수(우투우타),183cm/96kg, 전주진북초-전라중-인상고,4000만원,3000만원,22 KIA 2차 7라운드 65순위,23KIA,//lgcxydabfbch3774324.cdn.ntruss.com/KBO_IMAGE/person/middle/2023/52641.jpg,KIA
 황성빈,No.1,1997년 12월 19일,외야수(우투좌타),172cm/76kg, 관산초-안산중앙중-소래고-경남대,7000만원,7200만원,20 롯데 2차 5라운드 44순위,22롯데,//lgcxydabfbch3774324.cdn.ntruss.com/KBO_IMAGE/person/middle/2023/50500.jpg,롯데
 황재균,No.10,1987년 07월 28일,내야수(우투우타),183cm/96kg, 사당초-서울이수중-경기고-현대-히어로즈-롯데-샌프란시스코,6000만원,100000만원,06 현대 2차 3라운드 24순위,06현대,//lgcxydabfbch3774324.cdn.ntruss.com/KBO_IMAGE/person/middle/2023/76313.jpg,KT
 후라도,No.75,1996년 01월 30일,투수(우투우타),188cm/109kg, 파나마 San Judas Tadeo(고),,850000달러,23 키움 자유선발,23키움,//lgcxydabfbch3774324.cdn.ntruss.com/KBO_IMAGE/person/middle/2023/53375.jpg,키움
